watch_id,watch_title,watch_price,Basic_Info_Listing_code,Basic_Info_Brand,Basic_Info_Model,Basic_Info_Reference_number,Basic_Info_Movement,Basic_Info_Case_material,Basic_Info_Bracelet_material,Basic_Info_Year_of_production,Basic_Info_Condition,Basic_Info_Scope_of_delivery,Basic_Info_Gender,Basic_Info_Location,Basic_Info_Price,Basic_Info_Availability,Caliber_Movement,Caliber_Caliber_movement,Caliber_Base_caliber,Caliber_Power_reserve,Caliber_Number_of_jewels,Case_Case_material,Case_Case_diameter,Case_Water_resistance,Case_Bezel_material,Case_Crystal,Case_Dial,Case_Dial_numerals,Bracelet_strap_Bracelet_material,Bracelet_strap_Bracelet_color,Bracelet_strap_Clasp,Bracelet_strap_Clasp_material,Basic_Info_Dealer_product_code,Other_Product_safety,Other_More_details,Basic_Info_Most_Recent_Servicing,Caliber_Frequency,Case_Thickness,Bracelet_strap_Lug_width
41933808,Rolex Sea-Dweller Deepsea116660 44mm Black Dial + Box,"$8,995",OYSC08,Rolex,Sea-Dweller Deepsea,116660,Automatic,Steel,Steel,2009 (Approximation),"Used (Very good)The item shows minor signs of wear, such as small, intangible scratches.","Original box, no original papers",Men's watch/Unisex,"United States of America, New York, New York","$8,995",Item is in stock,Automatic,3135,Rolex 3135,48 h,31,Steel,44 mm,Over 120 ATM,Ceramic,Sapphire crystal,Black,No numerals,Steel,Steel,Fold clasp,Steel,,,,,,,
41669996,Rolex Sky-DwellerBlue Dial,"$20,999",OT4RW2,Rolex,Sky-Dweller,326934,Automatic,Steel,Steel,2018,"Used (Very good)The item shows minor signs of wear, such as small, intangible scratches.","Original box, original papers",Men's watch/Unisex,"United States of America, New York, New York","$20,999",Item is in stock,Automatic,9001,3135,72 h,40,Steel,42 mm,10 ATM,White gold,Sapphire crystal,Blue,No numerals,Steel,Steel,Fold clasp,Steel,Kareem,,,,,,
41638881,Rolex Oyster Perpetual Date34mm Silver Dial,"$3,290",OSGRL2,Rolex,Oyster Perpetual Date,1500,Automatic,Steel,Steel,Unknown,"Used (Good)The item shows visible and tangible signs of wear like scratches, scuffs, or small dents.","No original box, no original papers",Men's watch/Unisex,"United States of America, California, Los Angeles","$3,290 [Negotiable]",Item is in stock,Automatic,1570,cal. 3035,48 h,26,Steel,34 mm,10 ATM,Steel,Plexiglass,Silver,No numerals,Steel,Steel,Fold clasp,Steel,,Show information,,,,,
41789780,Rolex Sea-Dweller DeepseaAutomatic Watch REF 116660 JAMES CAMERON 44mm,"$10,686",OVP788,Rolex,Sea-Dweller Deepsea,116660,Automatic,Steel,Steel,2017 (Approximation),"Used (Very good)The item shows minor signs of wear, such as small, intangible scratches.","Original box, no original papers",Men's watch/Unisex,"United States of America, Massachusetts, West Boylston","$10,686",Item is in stock,Automatic,3135,Rolex 3135,48 h,31,Steel,44 mm,Over 120 ATM,Ceramic,Sapphire crystal,Blue,No numerals,Steel,Steel,Fold clasp,Steel,,,,,,,
41647901,Rolex Daytona126503 White Dial 2024 Full Set,"$24,999",OSNQ53,Rolex,Daytona,126503,Automatic,Gold/Steel,Gold/Steel,2024,NewThe item is new and shows no signs of wear. The guarantee period begins with the purchase of the watch.,"Original box, original papers",Men's watch/Unisex,"United States of America, New Jersey, Totowa","$24,999",Item is in stock,Automatic,4131,4131,72 h,44,Gold/Steel,40 mm,10 ATM,Yellow gold,Sapphire crystal,White,No numerals,Gold/Steel,Gold/Steel,Fold clasp,Steel,,Show information,Small seconds,,,,
41770958,Rolex Lady-Datejust6917 Vintage Serviced July 2025 Includes 1 Year Warranty,"$3,590",OVAOE2,Rolex,Lady-Datejust,6917,Automatic,Gold/Steel,,1976 (Approximation),"Used (Fair)The item shows major, visible signs of wear like scratches and dents.","No original box, no original papers",Women's watch,"United States of America, Texas, Dallas","$3,590",Item is in stock,Automatic,2030,Cal. 2135,42 h,28,Gold/Steel,26 mm,10 ATM,Yellow gold,Plexiglass,Gold,No numerals,,,Fold clasp,,,Show information,Screw-Down Crown,,,,
40533568,Rolex Sky-Dweller326934 Sky-Dweller 42 mm 18k White Gold Fluted Bezel Black Dial Oyster Bracelet 2017,"$16,900",O4RWG8,Rolex,Sky-Dweller,326934,Automatic,Steel,Steel,2017,"Used (Very good)The item shows minor signs of wear, such as small, intangible scratches.","Original box, no original papers",Men's watch/Unisex,"United States of America, New York, NEW YORK","$16,900",Item is in stock,Automatic,9001,3135,72 h,40,Steel,42 mm,10 ATM,White gold,Sapphire crystal,Black,No numerals,Steel,Steel,Fold clasp,Steel,w1996,,,"May 19, 2025Serviced in-house",,,
41793816,Rolex Submariner Date2024 Submariner “Starbucks” 41mm 126610LV Black Dial,"$14,907",OVSBC9,Rolex,Submariner Date,126610lv,Automatic,Steel,Steel,2024,"Used (Very good)The item shows minor signs of wear, such as small, intangible scratches.","Original box, original papers",Men's watch/Unisex,"United States of America, Michigan, Oak Park, MI","$14,907",Item is in stock,Automatic,3235,cal. 3135,70 h,31,Steel,41 mm,30 ATM,Ceramic,Sapphire crystal,Black,No numerals,Steel,Steel,Fold clasp,Steel,,,,,,,
38639893,Rolex Datejust 4141mm with black diamond dial,"$14,350",N06QD1,Rolex,Datejust 41,126334(Datejust Diamonds),Automatic,Steel,Steel,2024,"Used (Good)The item shows visible and tangible signs of wear like scratches, scuffs, or small dents.","Original box, original papers",Men's watch/Unisex,"United States of America, New Jersey","$14,350",Item is in stock,Automatic,3235,Rolex 3135,70 h,31,Steel,41 mm,10 ATM,White gold,Sapphire crystal,Black,No numerals,Steel,Steel,Fold clasp,Steel,,,,,,,
41932270,Rolex Day-Date 40Presidential Day-Date Silver Tapestry Dial White Gold 40mm (228239) - BOX & PAPERS 2021,"$34,000",OYR5A4,Rolex,Day-Date 40,228239,Automatic,White gold,White gold,2021,"Used (Very good)The item shows minor signs of wear, such as small, intangible scratches.","Original box, original papers",Men's watch/Unisex,"United States of America, Massachusetts, Boston","$34,000 [Negotiable]",Item is in stock,Automatic,3255,cal. 3135,70 h,31,White gold,40 mm,10 ATM,White gold,Sapphire crystal,Silver,Roman numerals,White gold,Gold,Fold clasp,White Gold,VHAQY,Show information,,,,,
39893467,Rolex GMT-Master II126720VTNR Sprite Green and Black Bezel + Box,"$15,295",NR1ZV2,Rolex,GMT-Master II,126720VTNR(Sprite),Automatic,Steel,Steel,2023 (Approximation),"Used (Very good)The item shows minor signs of wear, such as small, intangible scratches.","Original box, no original papers",Men's watch/Unisex,"United States of America, New York, New York","$15,295",Item is in stock,Automatic,3285,Rolex 3186,70 h,31,Steel,40 mm,10 ATM,Ceramic,Sapphire crystal,Black,No numerals,Steel,Steel,Fold clasp,Steel,,Show information,,,,,
41428996,Rolex Oyster PerpetualGreen Dial (2025 Release),"$10,999",ONYTG9,Rolex,Oyster Perpetual,134300,Automatic,Steel,Steel,2025,"Like new & unwornThe item shows no signs of wear such as scratches or dents, and it has not been worn. The item has not been polished.","Original box, original papers",Men's watch/Unisex,"United States of America, New York, New York","$10,999",Item is in stock,Automatic,3230,Rolex 3135,70 h,31,Steel,41 mm,10 ATM,Steel,Sapphire crystal,Green,No numerals,Steel,Steel,Fold clasp,Steel,,,,,,,
41638920,Rolex Submariner DateWith Rolex Service Card 2020,"$8,990",OSGSO6,Rolex,Submariner Date,16610,Automatic,Steel,Steel,1999 (Approximation),"Used (Very good)The item shows minor signs of wear, such as small, intangible scratches.","No original box, no original papers",Men's watch/Unisex,"United States of America, California, Los Angeles","$8,990 [Negotiable]",Item is in stock,Automatic,3135,cal. 3135,48 h,31,Steel,40 mm,30 ATM,Steel,Sapphire crystal,Black,No numerals,Steel,Steel,Fold clasp,Steel,,Show information,,,,,
39818724,Rolex Day-Date 40Unworn 2023 Day-Date 40mm Chocolate Dial 228235,"$48,410",NPGBO3,Rolex,Day-Date 40,228235,Automatic,Rose gold,Rose gold,2023,"Like new & unwornThe item shows no signs of wear such as scratches or dents, and it has not been worn. The item has not been polished.","Original box, original papers",Men's watch/Unisex,"United States of America, Florida, Miami","$48,410",Item is in stock,Automatic,,,70 h,31,Rose gold,40 mm,10 ATM,Rose gold,Sapphire crystal,Brown,Roman numerals,Rose gold,Gold,Fold clasp,Rose Gold,42382658371736,,,,,,
40917948,Rolex Datejust 361601,"$4,395",OD0HO4,Rolex,Datejust 36,1601(Everose),Automatic,Rose gold,Steel,Unknown,"Used (Fair)The item shows major, visible signs of wear like scratches and dents.","No original box, no original papers",Men's watch/Unisex,"United States of America, Manalapan","$4,395 [Negotiable]",Item is in stock,Automatic,1570,1570,40 h,26,Rose gold,36 mm,10 ATM,,Plexiglass,Blue,No numerals,Steel,Steel,Fold clasp,Steel,,Show information,,,,,
35261897,Rolex Submariner DateNEW Submariner Date Cookie Monster 126619LB NEW Complete Set,"$34,650",KZS955,Rolex,Submariner Date,126619LB(Submariner Ceramic Bezel Light),Automatic,White gold,White gold,2021 (Approximation),NewThe item is new and shows no signs of wear. The guarantee period begins with the purchase of the watch.,"Original box, original papers",Men's watch/Unisex,"United States of America, Florida, Miami","$34,650 [Negotiable]",Item is in stock,Automatic,3235,,70 h,31,White gold,41 mm,30 ATM,Ceramic,Sapphire crystal,Black,No numerals,White gold,Gold,Fold clasp,White Gold,,,,,,,
41893167,Rolex Datejust 316827 Datejust 31 mm Fluted Bezel Champagne Index Dial Jubilee Bracelet 1980,"$5,900",OXWZ35,Rolex,Datejust 31,6827,Automatic,Gold/Steel,Gold/Steel,1980,"Used (Very good)The item shows minor signs of wear, such as small, intangible scratches.","Original box, no original papers",Women's watch,"United States of America, New York, NEW YORK","$5,900",Item is in stock,Automatic,2135,2135,42 h,29,Gold/Steel,31 mm,10 ATM,Yellow gold,Sapphire crystal,Champagne,No numerals,Gold/Steel,Gold/Steel,Fold clasp,Steel,w3116,,,"July 23, 2025Serviced in-house",,,
41356196,Rolex Datejust 36NEW 2025 Datejust 36mm 126233 Two-Tone Champagne Dial,"$18,335",OMEN88,Rolex,Datejust 36,126233,Automatic,Gold/Steel,Gold/Steel,2025,NewThe item is new and shows no signs of wear. The guarantee period begins with the purchase of the watch.,"Original box, original papers",Men's watch/Unisex,"United States of America, Michigan, Oak Park, MI","$18,335",Item is in stock,Automatic,3235,Rolex 3135,70 h,31,Gold/Steel,36 mm,10 ATM,Yellow gold,Sapphire crystal,Champagne,,Gold/Steel,Gold/Steel,Fold clasp,Gold/Steel,,Show information,,,,,
38510014,Rolex Datejust 36NEW 2024 Sundust Diamond 6 9 Dial Two Tone Rose Gold Fluted Jubilee,"$20,495",MXEIM3,Rolex,Datejust 36,126231,Automatic,Gold/Steel,Gold/Steel,2024,"Like new & unwornThe item shows no signs of wear such as scratches or dents, and it has not been worn. The item has not been polished.","Original box, original papers",Men's watch/Unisex,"United States of America, New York, New York City","$20,495",Item is in stock,Automatic,3235,Rolex 3135,70 h,31,Gold/Steel,36 x 44 mm,10 ATM,Rose gold,Sapphire crystal,Pink,,Gold/Steel,Gold/Steel,Fold clasp,Gold/Steel,,,,,,,
40721448,Rolex Submariner Date1987 Rolex SUBMARINER Automatic Date Watch REF 16800 Matte Black Dial 40mm,"$8,286",O8SVC6,Rolex,Submariner Date,16800(Submariner Vintage),Automatic,Steel,Steel,1987,"Used (Very good)The item shows minor signs of wear, such as small, intangible scratches.","No original box, no original papers",Men's watch/Unisex,"United States of America, Massachusetts, West Boylston","$8,286",Item is in stock,Automatic,3035,cal. 3135,48 h,27,Steel,40 mm,30 ATM,Steel,Sapphire crystal,Black,No numerals,Steel,Steel,Fold clasp,Steel,,,,,,,
41795854,Rolex Submariner Date16610 40MM Black Dial + Box,"$8,795",OVTVY7,Rolex,Submariner Date,16610,Automatic,Steel,Steel,2000 (Approximation),"Used (Very good)The item shows minor signs of wear, such as small, intangible scratches.","Original box, no original papers",Men's watch/Unisex,"United States of America, New York, New York","$8,795",Item is in stock,Automatic,3135,cal. 3135,48 h,31,Steel,40 mm,30 ATM,Steel,Sapphire crystal,Black,No numerals,Steel,Steel,Fold clasp,Steel,,Show information,,,,,
41670284,Rolex Day-Date 40Platinum Blue Ice Roman Dial,"$59,559",OT4ZW8,Rolex,Day-Date 40,228206,Automatic,Platinum,Platinum,2022,"Used (Good)The item shows visible and tangible signs of wear like scratches, scuffs, or small dents.","Original box, original papers",Men's watch/Unisex,"United States of America, New York, New York","$59,559",Item is in stock,Automatic,3255,"3255, Manufacture Rolex",70 h,31,Platinum,40 x 48 mm,10 ATM,Platinum,Sapphire crystal,Blue,Roman numerals,Platinum,Silver,Fold clasp,Platinum,Kareem,,,,,,
41435074,Rolex Datejust 36Silver Dial Oyster Bracelet Very Good Condition,"$4,890",OO3IA4,Rolex,Datejust 36,16014,Automatic,Steel,Steel,Unknown,"Used (Very good)The item shows minor signs of wear, such as small, intangible scratches.","No original box, no original papers",Men's watch/Unisex,"United States of America, California, Los Angeles","$4,890 [Negotiable]",Item is in stock,Automatic,3035,3035,42 h,27,Steel,36 mm,10 ATM,White gold,Plexiglass,Silver,No numerals,Steel,Steel,Fold clasp,Steel,,Show information,,,,,
40095698,Rolex Datejust 3616233,"$5,999",NVE1E2,Rolex,Datejust 36,16233,Automatic,Gold/Steel,Gold/Steel,1995,"Used (Very good)The item shows minor signs of wear, such as small, intangible scratches.","Original box, no original papers",Men's watch/Unisex,"United States of America, New Jersey, Paramus","$5,999",Item is in stock,Automatic,3135,3135,42 h,31,Gold/Steel,36 mm,10 ATM,Yellow gold,Sapphire crystal,Gold,No numerals,Gold/Steel,Gold/Steel,Fold clasp,Steel,,Show information,,,,,
41433880,Rolex Oyster Perpetual 34Vintage 1965 1-Year Warranty,"$3,123",OO2L41,Rolex,Oyster Perpetual 34,1002(Oyster Perpetual Vintage),Automatic,Steel,Steel,1965,"Used (Very good)The item shows minor signs of wear, such as small, intangible scratches.","No original box, no original papers",Men's watch/Unisex,"United States of America, California, Pasadena","$3,123",Item is in stock,Automatic,1570,,40 h,26,Steel,34 mm,10 ATM,Steel,Plexiglass,Silver,No numerals,Steel,Steel,Fold clasp,Steel,152-921-4M12,,,,,,
32377190,Rolex Yacht-Master 42White Gold 226659 Unworn Full Set,"$31,800",J9YEE2,Rolex,Yacht-Master 42,226659(Yacht-Master rubber strap),Automatic,White gold,Rubber,2021 (Approximation),"Like new & unwornThe item shows no signs of wear such as scratches or dents, and it has not been worn. The item has not been polished.","Original box, original papers",Men's watch/Unisex,"United States of America, Florida, Miami","$31,800 [Negotiable]",Item is in stock,Automatic,3235,3035,70 h,31,White gold,42 mm,10 ATM,Ceramic,Sapphire crystal,Black,No numerals,Rubber,Black,Fold clasp,White Gold,,,,,,,
38627568,Rolex Sea-Dweller DeepseaUnworn 2024 Sea-Dweller Deepsea 136668lb 44mm,"$65,405",MZX804,Rolex,Sea-Dweller Deepsea,136668LB,Automatic,Yellow gold,Yellow gold,2024,"Like new & unwornThe item shows no signs of wear such as scratches or dents, and it has not been worn. The item has not been polished.","Original box, original papers",Men's watch/Unisex,"United States of America, Florida, Miami","$65,405",Item is in stock,Automatic,3235 3225,3225,70 h,31,Yellow gold,44 mm,120 ATM,Yellow gold,Sapphire crystal,Blue,No numerals,Yellow gold,Gold,Fold clasp,Yellow gold,44488008368280,,,,,,
41744572,Rolex Datejust 362021Datejust 36mm 126234 Stainless Steel Jubilee Black Dial,"$11,276",OUQBG2,Rolex,Datejust 36,126234(Jubilee),Automatic,Steel,Steel,2021,"Used (Very good)The item shows minor signs of wear, such as small, intangible scratches.","Original box, original papers",Men's watch/Unisex,"United States of America, Michigan, Oak Park, MI","$11,276",Item is in stock,Automatic,3235,"3135, Manufacture Rolex",70 h,31,Steel,36 mm,10 ATM,White gold,Sapphire crystal,Black,No numerals,Steel,Steel,Fold clasp,Steel,,Show information,,,,,
34407220,Rolex Sky-DwellerRose Gold Slate Dial Oysterflex 336235,"$51,000",KHGS46,Rolex,Sky-Dweller,336235(Everose),Automatic,Rose gold,Rubber,2024,NewThe item is new and shows no signs of wear. The guarantee period begins with the purchase of the watch.,"Original box, original papers",Men's watch/Unisex,"United States of America, New York, New York","$51,000",Item is in stock,Automatic,,,,,Rose gold,,,,,Grey,,Rubber,,,,,,,,,,
39035263,Rolex Datejust 36Anniversary Dial,"$8,390",N8NSV4,Rolex,Datejust 36,126234,Automatic,Steel,Steel,Unknown,"Used (Good)The item shows visible and tangible signs of wear like scratches, scuffs, or small dents.","Original box, no original papers",Men's watch/Unisex,"United States of America, Henderson","$8,390 [Negotiable]",Item is in stock,Automatic,3235,"3135, Manufacture Rolex",70 h,31,Steel,36 mm,10 ATM,White gold,Sapphire crystal,Blue,No numerals,Steel,Steel,Fold clasp,Steel,,Show information,,,,,
41754239,Rolex Sea-Dweller Deepsea116660 44mm Black Dial + Box,"$9,095",OUXRZ8,Rolex,Sea-Dweller Deepsea,116660,Automatic,Steel,Steel,2016 (Approximation),"Used (Very good)The item shows minor signs of wear, such as small, intangible scratches.","Original box, no original papers",Men's watch/Unisex,"United States of America, New York, New York","$9,095",Item is in stock,Automatic,3135,Rolex 3135,48 h,31,Steel,44 mm,Over 120 ATM,Ceramic,Sapphire crystal,Black,No numerals,Steel,Steel,Fold clasp,Steel,,,,,,,
41670427,Rolex Oyster Perpetual 41Green Dial,"$9,349",OT53V4,Rolex,Oyster Perpetual 41,124300,Automatic,Steel,Steel,2022,"Used (Very good)The item shows minor signs of wear, such as small, intangible scratches.","Original box, original papers",Men's watch/Unisex,"United States of America, New York, Miami","$9,349",Item is in stock,Automatic,3230,Rolex 3135,70 h,31,Steel,41 mm,10 ATM,Steel,Sapphire crystal,Green,No numerals,Steel,Steel,Double-fold clasp,Steel,Kareem,,,,,,
40711598,Rolex Datejust 36Silver Dial Jubilee Bracelet Very Good Condition,"$5,190",O8L9Q9,Rolex,Datejust 36,16014(Jubilee),Automatic,Steel,Steel,Unknown,"Used (Very good)The item shows minor signs of wear, such as small, intangible scratches.","No original box, no original papers",Men's watch/Unisex,"United States of America, California, Los Angeles","$5,190 [Negotiable]",Item is in stock,Automatic,3035,3035,42 h,27,Steel,36 mm,10 ATM,White gold,Plexiglass,Silver,No numerals,Steel,Steel,Fold clasp,Steel,,Show information,,,,,
41567601,Rolex Submariner (No Date)Very Good Condition F serial Submariner Pre-ceramic Bezel Black Dial,"$8,995",OQXRL6,Rolex,Submariner (No Date),14060M(Submariner (1990-2010)),Automatic,Steel,Steel,2004,"Used (Very good)The item shows minor signs of wear, such as small, intangible scratches.","Original box, no original papers",Men's watch/Unisex,"United States of America, California, Los Angeles","$8,995",Item is in stock,Automatic,3130,3130,48 h,31,Steel,40 mm,30 ATM,Steel,Sapphire crystal,Black,No numerals,Steel,Steel,Fold clasp,Steel,,Show information,,,,,
38656635,Rolex Submariner Date168000 RARE with Spider Dial Stainless Steel 40mm,"$8,499",N0JNF6,Rolex,Submariner Date,168000,Automatic,Steel,Steel,1987 (Approximation),"Used (Good)The item shows visible and tangible signs of wear like scratches, scuffs, or small dents.","No original box, no original papers",Men's watch/Unisex,"United States of America, New York","$8,499 [Negotiable]",Item is in stock,Automatic,3035,cal. 3135,48 h,27,Steel,40 mm,30 ATM,Steel,Sapphire crystal,Black,No numerals,Steel,Steel,Fold clasp,Steel,,Show information,,,,,
41330415,"Rolex Day-Date 36""President""","$17,350",OLUR32,Rolex,Day-Date 36,18238,Automatic,Yellow gold,Yellow gold,Unknown,"Used (Very good)The item shows minor signs of wear, such as small, intangible scratches.","No original box, no original papers",Men's watch/Unisex,"United States of America, California, Fullerton","$17,350",Item is in stock,Automatic,3155,Cal. 3055,48 h,31,Yellow gold,36 mm,10 ATM,Yellow gold,Sapphire crystal,Champagne,No numerals,Yellow gold,Gold,"Fold clasp, hidden",Yellow gold,590-20916,,,,,,
41301942,Rolex Yacht-Master 40Rhodium Slate Gray Dial Platinum Bezel Oyster Bracelet,"$14,995",OL8S62,Rolex,Yacht-Master 40,126622,Automatic,Steel,Steel,2022,"Used (Very good)The item shows minor signs of wear, such as small, intangible scratches.","Original box, original papers",Men's watch/Unisex,"United States of America, California, Newport Beach","$14,995",Item is in stock,Automatic,3235,3235,70 h,31,Steel,40 mm,10 ATM,Platinum,Sapphire crystal,Grey,No numerals,Steel,Steel,Fold clasp,Steel,,Show information,,,,,
40320697,Rolex Daytona2022 Daytona 40mm 116506 Platinum Ice Diamond Baguette Blue Dial,"$105,865",O07ND4,Rolex,Daytona,116506(Ice),Automatic,Platinum,Platinum,2022,"Used (Very good)The item shows minor signs of wear, such as small, intangible scratches.","Original box, original papers",Men's watch/Unisex,"United States of America, Michigan, Oak Park, MI","$105,865",Item is in stock,Automatic,4130,4130,72 h,44,Platinum,40 mm,10 ATM,Ceramic,Sapphire crystal,Blue,No numerals,Platinum,Silver,Fold clasp,Platinum,,Show information,,,,,
13412001,Rolex Day-Date 40Yellow Gold Silver Roman Dial Fluted Bezel 228238,"$48,000",7ZGRL9,Rolex,Day-Date 40,228238(Day-Date Roman numerals),Automatic,Yellow gold,Yellow gold,2022,NewThe item is new and shows no signs of wear. The guarantee period begins with the purchase of the watch.,"Original box, original papers",Men's watch/Unisex,"United States of America, New York, New York","$48,000",Item is in stock,Automatic,3255,,70 h,31,Yellow gold,40 mm,10 ATM,Yellow gold,Sapphire crystal,Silver,Roman numerals,Yellow gold,Gold,Fold clasp,Yellow gold,,,,,,,
37422811,Rolex Oyster Perpetual 36Domino’s Edition,"$7,499",MA3MJ0,Rolex,Oyster Perpetual 36,126000(Domino's Pizza),Automatic,Steel,Steel,2021,"Used (Very good)The item shows minor signs of wear, such as small, intangible scratches.","Original box, original papers",Men's watch/Unisex,"United States of America, New Jersey, Paramus","$7,499",Item is in stock,Automatic,3230,Rolex 3235,70 h,31,Steel,36 mm,10 ATM,Steel,Sapphire crystal,Silver,No numerals,Steel,Steel,Fold clasp,Steel,,,,,,,
41657981,Rolex Submariner Date126610LN 41mm Black Dial + Box,"$12,895",OSVI53,Rolex,Submariner Date,126610LN(Submariner Ceramic Bezel Dark),Automatic,Steel,Steel,2020 (Approximation),"Used (Very good)The item shows minor signs of wear, such as small, intangible scratches.","Original box, no original papers",Men's watch/Unisex,"United States of America, New York, New York","$12,895",Item is in stock,Automatic,3235,cal. 3135,70 h,31,Steel,41 x 40 mm,30 ATM,Ceramic,Sapphire crystal,Black,No numerals,Steel,Steel,Fold clasp,Steel,,,,,,,
41810073,Rolex Submariner DateNew Old Stock,"$13,099",OW4UX3,Rolex,Submariner Date,126610LN(Submariner Ceramic Bezel Dark),Automatic,Steel,Steel,2020,"Used (Very good)The item shows minor signs of wear, such as small, intangible scratches.","Original box, original papers",Men's watch/Unisex,"United States of America, New York, New York","$13,099",Item is in stock,Automatic,3235,cal. 3135,70 h,31,Steel,41 x 40 mm,30 ATM,Ceramic,Sapphire crystal,Black,No numerals,Steel,Steel,Fold clasp,Steel,Kareem,,,,,,
40937749,Rolex GMT-Master IICoke (1996) T Serial Good Condition,"$10,690",ODFRP0,Rolex,GMT-Master II,16710,Automatic,Steel,Steel,Unknown,"Used (Good)The item shows visible and tangible signs of wear like scratches, scuffs, or small dents.","No original box, no original papers",Men's watch/Unisex,"United States of America, California, Los Angeles","$10,690 [Negotiable]",Item is in stock,Automatic,3185,Rolex 3185,48 h,31,Steel,40 mm,10 ATM,Steel,Sapphire crystal,Black,No numerals,Steel,Steel,Fold clasp,Steel,,Show information,,,,,
40574476,Rolex Datejust 36Very Good Condition R serial Datejust 36 Steel Jubilee Silver Index Dial 16234,"$6,795",O5NGS2,Rolex,Datejust 36,16234(Jubilee),Automatic,Steel,Steel,1988,"Used (Very good)The item shows minor signs of wear, such as small, intangible scratches.","Original box, no original papers",Men's watch/Unisex,"United States of America, California, Los Angeles","$6,795",Item is in stock,Automatic,3135,"3135, Manufacture Rolex",42 h,31,Steel,36 mm,10 ATM,White gold,Sapphire crystal,Silver,No numerals,Steel,Steel,Fold clasp,Steel,,Show information,,,,,
41993854,Rolex Explorer1997 14270 U Serial Ulpolished,"$5,700",P02NY1,Rolex,Explorer,14270,Automatic,Steel,Steel,1997,"Used (Fair)The item shows major, visible signs of wear like scratches and dents.","Original box, no original papers",Men's watch/Unisex,"United States of America, Alabama","$5,700 [Negotiable]",Item is in stock,Automatic,,,,,Steel,36 mm,,,,Black,,Steel,Steel,,,,,,,,,
38804848,Rolex GMT-Master II116710LN,"$11,995",N3Q0G7,Rolex,GMT-Master II,116710LN(GMT-Master II black bezel),Automatic,Steel,Steel,Unknown,"Used (Very good)The item shows minor signs of wear, such as small, intangible scratches.","No original box, no original papers",Men's watch/Unisex,"United States of America, Pennsylvania, Bryn Mawr","$11,995",Item is in stock,Automatic,3186,Rolex 3186,48 h,31,Steel,40 mm,10 ATM,Ceramic,Sapphire crystal,Black,No numerals,Steel,Steel,Fold clasp,Steel,,,,,,,
29422953,Rolex Sky-Dweller326934 Blue Dial Jubilee Unworn,"$25,200",HIMW97,Rolex,Sky-Dweller,326934(Jubilee),Automatic,Steel,Steel,2022,"Like new & unwornThe item shows no signs of wear such as scratches or dents, and it has not been worn. The item has not been polished.","Original box, original papers",Men's watch/Unisex,"United States of America, Florida, Miami","$25,200 [Negotiable]",Item is in stock,Automatic,9001,3135,72 h,40,Steel,42 mm,10 ATM,White gold,Sapphire crystal,Blue,No numerals,Steel,Steel,Fold clasp,Steel,,,,,,,
38878868,Rolex GMT-Master IITwo Tone Yellow Gold Black Ceramic Bezel Oyster Bracelet,"$12,995",N5B4K5,Rolex,GMT-Master II,116713LN,Automatic,Gold/Steel,Gold/Steel,2007 (Approximation),"Used (Very good)The item shows minor signs of wear, such as small, intangible scratches.","Original box, no original papers",Men's watch/Unisex,"United States of America, California, Newport Beach","$12,995",Item is in stock,Automatic,3186,Rolex 3135,48 h,31,Gold/Steel,40 mm,10 ATM,Ceramic,Sapphire crystal,Black,No numerals,Gold/Steel,Gold/Steel,Fold clasp,Gold/Steel,,Show information,,,,,
40447727,Rolex Daytona2025 Rolex Daytona 126508 Green Dial 40mm,"$95,000",O2XNZ1,Rolex,Daytona,126508,Automatic,Yellow gold,Yellow gold,2025,"Like new & unwornThe item shows no signs of wear such as scratches or dents, and it has not been worn. The item has not been polished.","Original box, original papers",Men's watch/Unisex,"United States of America, Florida, Miami","$95,000",Item is in stock,Automatic,4131 4131,4131,72 h,44,Yellow gold,40 mm,10 ATM,Yellow gold,Sapphire crystal,Green,No numerals,Yellow gold,Yellow,Fold clasp,Yellow gold,46559449776280,,,,,,
40935116,Rolex Datejust 36Palm Motif Green Fluted Jubilee Box/Papers/Card 126234,"$12,250",ODDQK1,Rolex,Datejust 36,126234(Jubilee),Automatic,Steel,Steel,2021,"Used (Very good)The item shows minor signs of wear, such as small, intangible scratches.","Original box, original papers",Men's watch/Unisex,"United States of America, DC, Washington, DC","$12,250 [Negotiable]",Item is in stock,Automatic,3235,3135,70 h,31,Steel,36 mm,10 ATM,White gold,Sapphire crystal,Green,No numerals,Steel,Steel,Fold clasp,Steel,,,,,28800 A/h,,
41484711,Rolex Submariner Date126610LN 41mm Black Dial + Box,"$12,895",OP5T33,Rolex,Submariner Date,126610LN(Submariner Ceramic Bezel Dark),Automatic,Steel,Steel,2020 (Approximation),"Used (Very good)The item shows minor signs of wear, such as small, intangible scratches.","Original box, no original papers",Men's watch/Unisex,"United States of America, New York, New York","$12,895",Item is in stock,Automatic,3235,cal. 3135,70 h,31,Steel,41 x 40 mm,30 ATM,Ceramic,Sapphire crystal,Black,No numerals,Steel,Steel,Fold clasp,Steel,,,,,,,
41809599,Rolex Yacht-Master 37Rhodium Dial,"$11,899",OW4HR0,Rolex,Yacht-Master 37,268622(Yacht-Master 35mm),Automatic,Steel,Steel,2022,"Used (Very good)The item shows minor signs of wear, such as small, intangible scratches.","Original box, original papers",Men's watch/Unisex,"United States of America, New York, New York","$11,899",Item is in stock,Automatic,2236,3235,55 h,31,Steel,37 mm,10 ATM,Platinum,Sapphire crystal,Grey,No numerals,Steel,Steel,Fold clasp,Steel,Kareem,,,,,,
40900418,Rolex Submariner DateHulk 116610LV Box Papers and Tags Collector's Set 2012,"$18,682",OCMYQ4,Rolex,Submariner Date,116610LV,Automatic,Steel,Steel,2012,"Used (Very good)The item shows minor signs of wear, such as small, intangible scratches.","Original papers, no original box",Men's watch/Unisex,"United States of America, California, San Francisco","$18,682",Item is in stock,Automatic,3135,cal. 3135,48 h,31,Steel,40 mm,30 ATM,Ceramic,Sapphire crystal,Green,No numerals,Steel,Steel,Fold clasp,Steel,,Show information,,,,,
40023042,Rolex Datejust 36Like NEW Datejust 36 2-Tone Oyster Mother-of-Pearl Diamond Dial 116231,"$11,495",NTTZ69,Rolex,Datejust 36,116231,Automatic,Gold/Steel,Gold/Steel,Unknown,"Used (Very good)The item shows minor signs of wear, such as small, intangible scratches.","Original box, no original papers",Men's watch/Unisex,"United States of America, California, Los Angeles","$11,495",Item is in stock,Automatic,3135,"3135, Manufacture Rolex",48 h,31,Gold/Steel,36 mm,10 ATM,Rose gold,Sapphire crystal,Mother of pearl,No numerals,Gold/Steel,Gold/Steel,Fold clasp,Gold/Steel,,Show information,,,,,
40050795,Rolex DaytonaNEW 2025 Daytona 40mm 126506 Platinum Ice Blue Diamond Baguette Dial,"$132,186",NUFE31,Rolex,Daytona,126506(Ice),Automatic,Platinum,Platinum,2025,NewThe item is new and shows no signs of wear. The guarantee period begins with the purchase of the watch.,"Original box, original papers",Men's watch/Unisex,"United States of America, Michigan, Oak Park, MI","$132,186",Item is in stock,Automatic,4131,4130,72 h,44,Platinum,40 mm,10 ATM,Ceramic,Sapphire crystal,Blue,No numerals,Platinum,Silver,Fold clasp,Platinum,,Show information,Small seconds,,,,
34444817,Rolex DaytonaNEW 2025 126505 Black Pink Oyster Rose Gold 40 mm,"$57,000",KI9SH0,Rolex,Daytona,126505(Everose),Automatic,Rose gold,Rose gold,2025,NewThe item is new and shows no signs of wear. The guarantee period begins with the purchase of the watch.,"Original box, original papers",Men's watch/Unisex,"United States of America, New Hampshire, Salem","$57,000",Item needs to be procured,Automatic,4130,,72 h,44,Rose gold,40 mm,10 ATM,Rose gold,Sapphire crystal,Black,No numerals,Rose gold,Gold,Fold clasp,Rose Gold,126505-0001,,,,28800 A/h,11.9 mm,20 mmSize guide
41112067,Rolex Lady-Datejust69173 Lady-Datejust 26 mm Champagne Index Dial Jubilee Bracelet Complete Set 1980,"$5,500",OH69V9,Rolex,Lady-Datejust,69173,Automatic,Gold/Steel,Gold/Steel,1980,"Used (Very good)The item shows minor signs of wear, such as small, intangible scratches.","Original box, original papers",Women's watch,"United States of America, New York, NEW YORK","$5,500",Item is in stock,Automatic,2135,Cal. 2135,40 h,29,Gold/Steel,26 mm,10 ATM,Yellow gold,Sapphire crystal,Champagne,No numerals,Gold/Steel,Gold/Steel,Fold clasp,Steel,w3017,,,"June 18, 2025Serviced in-house",,,
39050670,Rolex Oyster Perpetual 41Green Dial Stainless Steel Smooth Bezel 2021,"$9,595",N8ZOU4,Rolex,Oyster Perpetual 41,124300,Automatic,Steel,Steel,2021,"Used (Very good)The item shows minor signs of wear, such as small, intangible scratches.","Original box, original papers",Men's watch/Unisex,"United States of America, New York, New York City","$9,595",Item is in stock,Automatic,3230,Rolex 3135,70 h,31,Steel,41 mm,10 ATM,Steel,Sapphire crystal,Green,No numerals,Steel,Steel,Double-fold clasp,Steel,,,,,,,
39241292,Rolex Oyster Perpetual 412022 Oyster Perpetual 41mm Blue 124300,"$9,476",ND2RW1,Rolex,Oyster Perpetual 41,124300,Automatic,Steel,Steel,2022,"Like new & unwornThe item shows no signs of wear such as scratches or dents, and it has not been worn. The item has not been polished.","Original box, original papers",Men's watch/Unisex,"United States of America, Florida, Miami","$9,476",Item is in stock,Automatic,3230 3135,3135,70 h,31,Steel,41 mm,10 ATM,Steel,Sapphire crystal,Blue,No numerals,Steel,Steel,Double-fold clasp,Steel,42375492599960,,,,,,
41614076,Rolex Yacht-Master 40Chocolate Dial 126621 Rose Gold Full Set,"$16,800",ORXMK5,Rolex,Yacht-Master 40,126621,Automatic,Gold/Steel,Gold/Steel,2020,"Like new & unwornThe item shows no signs of wear such as scratches or dents, and it has not been worn. The item has not been polished.","Original box, original papers",Men's watch/Unisex,"United States of America, Florida, Miami","$16,800 [Negotiable]",Item is in stock,Automatic,3235,Rolex 3235,70 h,31,Gold/Steel,40 mm,10 ATM,Rose gold,Sapphire crystal,Brown,No numerals,Gold/Steel,Gold/Steel,Fold clasp,Gold/Steel,,,,,,,
40495931,Rolex Datejust 41126334 Blue Azzuro Dial Oyster 2022,"$13,499",O3YUZ0,Rolex,Datejust 41,126334,Automatic,Steel,Steel,2022,"Used (Very good)The item shows minor signs of wear, such as small, intangible scratches.","Original box, original papers",Men's watch/Unisex,"United States of America, New Jersey, Totowa","$13,499",Item is in stock,Automatic,3235,Rolex 3135,70 h,31,Steel,41 mm,10 ATM,White gold,Sapphire crystal,Blue,No numerals,Steel,Steel,Fold clasp,Steel,,Show information,,,,,
40480192,Rolex GMT-Master II126711CHNR,"$18,949",O3MPS7,Rolex,GMT-Master II,126711CHNR,Automatic,Gold/Steel,Gold/Steel,2023,"Used (Very good)The item shows minor signs of wear, such as small, intangible scratches.","Original box, original papers",Men's watch/Unisex,"United States of America, New Jersey, Paramus","$18,949",Item is in stock,Automatic,3285,Rolex 3285,70 h,31,Gold/Steel,40 mm,10 ATM,Ceramic,Sapphire crystal,Black,No numerals,Gold/Steel,Gold/Steel,Fold clasp,,,Show information,,,,,
39739403,Rolex DaytonaBlack Dial 40mm Stainless Steel Box and Papers 116520,"$19,899",NNR4B3,Rolex,Daytona,116520(Daytona (1988-2015)),Automatic,Steel,Steel,2001,"Used (Very good)The item shows minor signs of wear, such as small, intangible scratches.","Original box, original papers",Men's watch/Unisex,"United States of America, New York","$19,899 [Negotiable]",Item is in stock,Automatic,4130,Rolex 4130,72 h,44,Steel,40 mm,10 ATM,Steel,Sapphire crystal,Black,No numerals,Steel,Steel,Fold clasp,Steel,,Show information,,,,,
41657934,Rolex Yacht-Master 4016622 Silver Dial Engraved Rehaut M serial + Box,"$8,795",OSVGU4,Rolex,Yacht-Master 40,16622,Automatic,Steel,Steel,2008,"Used (Very good)The item shows minor signs of wear, such as small, intangible scratches.","Original box, no original papers",Men's watch/Unisex,"United States of America, New York, New York","$8,795",Item is in stock,Automatic,3135,3135,48 h,31,Steel,40 mm,10 ATM,Platinum,Sapphire crystal,Silver,No numerals,Steel,Steel,Fold clasp,Steel,,,,,,,
40113917,Rolex Submariner (No Date)114060,"$10,399",NVS3H7,Rolex,Submariner (No Date),114060(Submariner Ceramic Bezel Dark),Automatic,Silver,Steel,2017,"Used (Very good)The item shows minor signs of wear, such as small, intangible scratches.","Original box, original papers",Men's watch/Unisex,"United States of America, New York, New York","$10,399",Item is in stock,Automatic,3130,3130,48 h,31,Silver,40 mm,30 ATM,Ceramic,Sapphire crystal,Black,No numerals,Steel,Steel,Fold clasp,Steel,Kareem,,,,,,
39589135,Rolex Sea-Dweller DeepseaNew Full set with box and papers never worn,"$16,600",NKJ670,Rolex,Sea-Dweller Deepsea,136660,Automatic,Steel,Steel,2024,"Like new & unwornThe item shows no signs of wear such as scratches or dents, and it has not been worn. The item has not been polished.","Original box, original papers",Men's watch/Unisex,"United States of America, Alabama","$16,600 [Negotiable]",Item is in stock,Automatic,,,,,Steel,44 mm,,,,Black,,Steel,Steel,,,,,,,,,
39779709,Rolex DaytonaUnworn 2023 Rolex Daytona 126519ln,"$42,743",NOM7X1,Rolex,Daytona,126519LN,Automatic,White gold,Rubber,2023,"Like new & unwornThe item shows no signs of wear such as scratches or dents, and it has not been worn. The item has not been polished.","Original box, original papers",Men's watch/Unisex,"United States of America, Florida, Miami","$42,743",Item is in stock,Automatic,4130 4130,4130,72 h,44,White gold,40 mm,10 ATM,Ceramic,Sapphire crystal,Grey,No numerals,Rubber,Black,,Steel,42893513883800,,,,,,
41334362,Rolex Sky-DwellerLike NEW 2018 Sky-Dweller 2-Tone Oyster White Index Dial 326933 FULL SET,"$17,495",OLXSQ7,Rolex,Sky-Dweller,326933(Two-tone),Automatic,Gold/Steel,Gold/Steel,2018,"Used (Very good)The item shows minor signs of wear, such as small, intangible scratches.","Original box, original papers",Men's watch/Unisex,"United States of America, California, Los Angeles","$17,495",Item is in stock,Automatic,9001,3135,72 h,40,Gold/Steel,42 mm,10 ATM,Yellow gold,Sapphire crystal,White,No numerals,Gold/Steel,Gold/Steel,Fold clasp,Gold/Steel,,Show information,,,,,
41135570,Rolex Datejust 412022 Datejust 41mm 126334 Stainless Steel Oyster Rhodium Diamond Dial,"$13,642",OHOEQ5,Rolex,Datejust 41,126334(Datejust Diamonds),Automatic,Steel,Steel,2022,"Used (Very good)The item shows minor signs of wear, such as small, intangible scratches.","Original box, original papers",Men's watch/Unisex,"United States of America, Michigan, Oak Park, MI","$13,642",Item is in stock,Automatic,3235,Rolex 3135,70 h,31,Steel,41 mm,10 ATM,White gold,Sapphire crystal,Grey,No numerals,Steel,Steel,Fold clasp,Steel,,Show information,,,,,
40554115,Rolex Submariner Date16613 | Two-Tone | 1 Owner | Serviced 2025 | 1991,"$11,498",O57R78,Rolex,Submariner Date,16613,Automatic,Gold/Steel,Gold/Steel,1991,"Used (Very good)The item shows minor signs of wear, such as small, intangible scratches.","Original box, original papers",Men's watch/Unisex,"United States of America, Virginia, Mclean","$11,498",Item is in stock,Automatic,3135,cal. 3135,48 h,31,Gold/Steel,40 mm,30 ATM,Yellow gold,Sapphire crystal,Blue,No numerals,Gold/Steel,Gold/Steel,Fold clasp,,,Show information,,,,,
39547942,Rolex Day-Date 40228239 Blue Dial 2022,"$40,499",NJNDY5,Rolex,Day-Date 40,228239(Day-Date Roman numerals),Automatic,White gold,White gold,2022,"Used (Very good)The item shows minor signs of wear, such as small, intangible scratches.","Original box, original papers",Men's watch/Unisex,"United States of America, New Jersey, Totowa","$40,499",Item is in stock,Automatic,3255,cal. 3135,70 h,31,White gold,40 mm,10 ATM,White gold,Sapphire crystal,Blue,Roman numerals,White gold,Gold,Fold clasp,White Gold,,Show information,,,,,
39197899,Rolex Datejust 41Black never worn original package and paperwork,"$9,594",NC5AJ2,Rolex,Datejust 41,126300(Datejust smooth bezel),Automatic,Steel,Steel,2022 (Approximation),"Like new & unwornThe item shows no signs of wear such as scratches or dents, and it has not been worn. The item has not been polished.","Original box, original papers",Men's watch/Unisex,"United States of America, Louisiana","$9,594 [Negotiable]",Item is in stock,Automatic,,,,,Steel,41 x 48 mm,,,,Black,,Steel,Steel,,,,,,,,,
40573115,Rolex Daytona116520,"$20,899",O5MEZ5,Rolex,Daytona,116520(Daytona (1988-2015)),Automatic,Steel,Steel,2010,"Used (Very good)The item shows minor signs of wear, such as small, intangible scratches.","Original box, original papers",Men's watch/Unisex,"United States of America, New Jersey, Paramus","$20,899",Item is in stock,Automatic,4130,Rolex 4130,72 h,44,Steel,40 mm,10 ATM,Steel,Sapphire crystal,Black,No numerals,Steel,Steel,Fold clasp,Steel,,Show information,,,,,
40017628,Rolex Submariner Date2024 Submariner Date 41 Black Dial Two Tone 126613LN Full Set,"$18,400",NTPSS3,Rolex,Submariner Date,126613LN,Automatic,Gold/Steel,Gold/Steel,2024,"Like new & unwornThe item shows no signs of wear such as scratches or dents, and it has not been worn. The item has not been polished.","Original box, original papers",Men's watch/Unisex,"United States of America, Florida, Miami","$18,400 [Negotiable]",Item is in stock,Automatic,3235,cal. 3135,70 h,31,Gold/Steel,41 mm,30 ATM,Ceramic,Sapphire crystal,Black,No numerals,Gold/Steel,Gold/Steel,Fold clasp,Gold/Steel,,,,,,,
41636514,Rolex Sea-Dweller DeepseaJames Cameron Blue and Black Dial + Box,"$14,295",OSEXU5,Rolex,Sea-Dweller Deepsea,136660(James Cameron),Automatic,Steel,Steel,2021 (Approximation),"Used (Very good)The item shows minor signs of wear, such as small, intangible scratches.","Original box, no original papers",Men's watch/Unisex,"United States of America, New York, New York","$14,295",Item is in stock,Automatic,3235,Rolex 3235,70 h,31,Steel,44 mm,Over 120 ATM,Ceramic,Sapphire crystal,Blue,No numerals,Steel,Steel,Fold clasp,Steel,,,,,,,
41670057,Rolex Sea-DwellerTwo Tone,"$15,859",OT4TL7,Rolex,Sea-Dweller,126603,Automatic,Gold/Steel,Gold/Steel,2022,"Used (Fair)The item shows major, visible signs of wear like scratches and dents.","Original box, original papers",Men's watch/Unisex,"United States of America, New York, New York","$15,859",Item is in stock,Automatic,3235,3235,70 h,31,Gold/Steel,43 mm,Over 120 ATM,Ceramic,Sapphire crystal,Black,No numerals,Gold/Steel,Gold/Steel,Fold clasp,Gold/Steel,Kareem,,,,,,
41330294,Rolex Submariner Date16618,"$26,400",OLUNQ6,Rolex,Submariner Date,16618(Submariner (1990-2010)),Automatic,Yellow gold,Yellow gold,Unknown,"Used (Very good)The item shows minor signs of wear, such as small, intangible scratches.","No original box, no original papers",Men's watch/Unisex,"United States of America, California, Fullerton","$26,400",Item is in stock,Automatic,3135,3135,50 h,31,Yellow gold,40 mm,30 ATM,Ceramic,Sapphire crystal,Black,No numerals,Yellow gold,Gold,Fold clasp,Yellow gold,590-20921,,,,,,
34478050,Rolex Daytona2025 UNWORN COMPLETE BEST PRICE Daytona 40 mm,"$25,949",KIZFM4,Rolex,Daytona,126503,Automatic,Gold/Steel,Gold/Steel,2025,NewThe item is new and shows no signs of wear. The guarantee period begins with the purchase of the watch.,"Original box, original papers",Men's watch/Unisex,"United States of America, New York, New York","$25,949 [Negotiable]",Item needs to be procured,Automatic,4131,4131,72 h,,Gold/Steel,40 mm,10 ATM,Yellow gold,Sapphire crystal,Gold,No numerals,Gold/Steel,Gold/Steel,Fold clasp,Steel,,,,,,,
40463035,Rolex CelliniVery Good Condition E serial Cellini White Gold Silver Index Dial Leather Strap 4112,"$5,495",O39H74,Rolex,Cellini,4112,Manual winding,White gold,Leather,1990,"Used (Very good)The item shows minor signs of wear, such as small, intangible scratches.","Original box, no original papers",Men's watch/Unisex,"United States of America, California, Los Angeles","$5,495",Item is in stock,Manual winding,1601,,46 h,20,White gold,32 x 38 mm,3 ATM,White gold,Sapphire crystal,White,Lines,Leather,Black,Buckle,White Gold,,Show information,,,,,
41509285,Rolex Explorer II16570,"$8,700",OPORP6,Rolex,Explorer II,16570(Explorer II 16570 White),Automatic,Steel,Steel,2002,"Like new & unwornThe item shows no signs of wear such as scratches or dents, and it has not been worn. The item has not been polished.","Original box, original papers",Men's watch/Unisex,"United States of America, California, Santa Monica","$8,700",Item is in stock,Automatic,3185,3135,50 h,31,Steel,40 mm,10 ATM,Steel,Sapphire crystal,White,No numerals,Steel,Steel,Fold clasp,Steel,,Show information,,,,,
40934999,Rolex Yacht-Master 40116622 Rhodium Dial Platinum Bezel 40mm,"$12,200",ODDNB8,Rolex,Yacht-Master 40,116622,Automatic,Steel,Steel,Unknown,"Used (Very good)The item shows minor signs of wear, such as small, intangible scratches.","Original box, no original papers",Men's watch/Unisex,"United States of America, Florida, MIAMI","$12,200",Item is in stock,Automatic,3135,3135,48 h,31,Steel,40 mm,10 ATM,Platinum,Sapphire crystal,Grey,No numerals,Steel,Steel,Fold clasp,Steel,,Show information,,,,,
39513595,Rolex Datejust 41Unworn 2022 Datejust 41mm Wimbledon Glinted Bezel Oyster 126333,"$16,016",NIWVV2,Rolex,Datejust 41,126333,Automatic,Gold/Steel,Gold/Steel,2022,"Like new & unwornThe item shows no signs of wear such as scratches or dents, and it has not been worn. The item has not been polished.","Original box, original papers",Men's watch/Unisex,"United States of America, Florida, Miami","$16,016",Item is in stock,Automatic,3235 3135,3135,70 h,31,Gold/Steel,41 mm,10 ATM,Yellow gold,Sapphire crystal,Grey,No numerals,Gold/Steel,Gold/Steel,Fold clasp,Gold/Steel,42379563794584,,,,,,
39635648,Rolex Day-Date 40228238 Day-Date 40 mm 18K Yellow Gold Black Dial President Bracelet Complete Set 2015,"$39,900",NLJ286,Rolex,Day-Date 40,228238(Presidential),Automatic,Yellow gold,Yellow gold,2015,"Used (Very good)The item shows minor signs of wear, such as small, intangible scratches.","Original box, original papers",Men's watch/Unisex,"United States of America, New York, NEW YORK","$39,900",Item is in stock,Automatic,3255,cal. 3135,70 h,31,Yellow gold,40 mm,10 ATM,Yellow gold,Sapphire crystal,Black,,Yellow gold,Gold,Fold clasp,Yellow gold,w1896,,,"March 31, 2025Serviced in-house",,,
34245159,Rolex Datejust 36NEW 2023 Mother of Pearl Diamond Dial Stainless Steel Fluted Bezel Jubilee,"$17,495",KDZQF9,Rolex,Datejust 36,126234,Automatic,Steel,Steel,2023,"Like new & unwornThe item shows no signs of wear such as scratches or dents, and it has not been worn. The item has not been polished.","Original box, original papers",Men's watch/Unisex,"United States of America, New York, New York City","$17,495",Item is in stock,Automatic,3235,"3135, Manufacture Rolex",70 h,31,Steel,36 mm,10 ATM,White gold,Sapphire crystal,Mother of pearl,No numerals,Steel,Steel,Fold clasp,Steel,,,,,,,
41459732,Rolex DaytonaPlatinum Ice Blue Platona 116506 Full Set,"$89,300",OOMJ88,Rolex,Daytona,116506(Ice),Automatic,Platinum,Platinum,2016,"Used (Very good)The item shows minor signs of wear, such as small, intangible scratches.","Original box, original papers",Men's watch/Unisex,"United States of America, Florida, Miami","$89,300 [Negotiable]",Item is in stock,Automatic,4130,4130,72 h,44,Platinum,40 mm,10 ATM,Ceramic,Sapphire crystal,Blue,No numerals,Platinum,Silver,Fold clasp,Platinum,,,,,,,
41893248,Rolex GMT-Master16700 Blue and Red Pepsi Bezel + Box,"$10,595",OXX1C5,Rolex,GMT-Master,16700(Pepsi),Automatic,Steel,Steel,1994 (Approximation),"Used (Good)The item shows visible and tangible signs of wear like scratches, scuffs, or small dents.","Original box, no original papers",Men's watch/Unisex,"United States of America, New York, New York","$10,595",Item is in stock,Automatic,3175,Rolex 3185,48 h,31,Steel,40 mm,10 ATM,Steel,Sapphire crystal,Black,No numerals,Steel,Steel,Fold clasp,Steel,,,,,,,
38786770,Rolex DaytonaWhite Dial Panda,"$29,049",N3C2A7,Rolex,Daytona,116500LN,Automatic,Steel,Steel,2021,"Like new & unwornThe item shows no signs of wear such as scratches or dents, and it has not been worn. The item has not been polished.","Original box, original papers",Men's watch/Unisex,"United States of America, New York, Miami","$29,049",Item is in stock,Automatic,4130,Cal.4130,72 h,44,Steel,40 mm,10 ATM,Ceramic,Sapphire crystal,White,No numerals,Steel,Steel,Fold clasp,Steel,,,,,,,
39695831,Rolex Day-Date 40NEW 2025 Day-Date 40mm 228235 Presidential Rose Gold MOP Diamond Baguette Dial,"$62,010",NMTHZ3,Rolex,Day-Date 40,228235,Automatic,Rose gold,Rose gold,2025,NewThe item is new and shows no signs of wear. The guarantee period begins with the purchase of the watch.,"Original box, original papers",Men's watch/Unisex,"United States of America, Michigan, Oak Park, MI","$62,010",Item is in stock,Automatic,3255,"3255, Manufacture Rolex",70 h,31,Rose gold,40 mm,10 ATM,Rose gold,Sapphire crystal,Mother of pearl,Roman numerals,Rose gold,Gold,Fold clasp,Rose Gold,,,,,,,
40955850,Rolex Datejust 36Like NEW 2016 Datejust 36 2-Tone Oyster Champagne Roman Dial 116233 FULL SET,"$9,995",ODTQI1,Rolex,Datejust 36,116233,Automatic,Gold/Steel,Gold/Steel,2016,"Used (Very good)The item shows minor signs of wear, such as small, intangible scratches.","Original box, original papers",Men's watch/Unisex,"United States of America, California, Los Angeles","$9,995",Item is in stock,Automatic,3135,"3135, Manufacture Rolex",48 h,31,Gold/Steel,36 mm,10 ATM,Yellow gold,Sapphire crystal,Champagne,Roman numerals,Gold/Steel,Gold/Steel,Fold clasp,Gold/Steel,,Show information,,,,,
34174570,Rolex Day-Date 40NEW 2025 MAY 228235 Olive Green President Rose Gold,"$56,200",KCH9M9,Rolex,Day-Date 40,228235,Automatic,Rose gold,Rose gold,2025,NewThe item is new and shows no signs of wear. The guarantee period begins with the purchase of the watch.,"Original box, original papers",Men's watch/Unisex,"United States of America, New Hampshire, Salem","$56,200",Item is in stock,Automatic,3255,,70 h,31,Rose gold,40 x 47 mm,10 ATM,Rose gold,Sapphire crystal,Green,Roman numerals,Rose gold,Gold,"Fold clasp, hidden",Rose Gold,228235-0025,,,,"28,800 A/h",12 mm,20 mmSize guide
40463336,Rolex Oyster Perpetual 36Tiffany Dial Stainless Steel Oyster Bracelet,"$14,995",O39PK8,Rolex,Oyster Perpetual 36,126000(Tiffany),Automatic,Steel,Steel,2023,"Used (Very good)The item shows minor signs of wear, such as small, intangible scratches.","Original box, original papers",Men's watch/Unisex,"United States of America, California, Newport Beach","$14,995",Item is in stock,Automatic,3230,Rolex 3235,70 h,31,Steel,36 mm,10 ATM,Steel,Sapphire crystal,Turquoise,No numerals,Steel,Steel,Fold clasp,Steel,,Show information,,,,,
41265013,Rolex Explorer2005 ROLEX 114270 Explorer 36mm Caseback Sticker with Papers,"$6,182",OKGAD8,Rolex,Explorer,114270(Arabic Dial),Automatic,Steel,Steel,2005,"Used (Good)The item shows visible and tangible signs of wear like scratches, scuffs, or small dents.","Original papers, no original box",Men's watch/Unisex,"United States of America, California, Los Angeles","$6,182",Item is in stock,Automatic,3130,3130,42 h,31,Steel,36 mm,10 ATM,Steel,Sapphire crystal,Black,Arabic numerals,Steel,Steel,Fold clasp,Steel,,,,,,,
40876911,Rolex Datejust 36Black Jubliee,"$11,200",OC4TR5,Rolex,Datejust 36,126234,Automatic,Steel,Steel,2024,"Like new & unwornThe item shows no signs of wear such as scratches or dents, and it has not been worn. The item has not been polished.","Original box, original papers",Men's watch/Unisex,"United States of America, New York, New York","$11,200",Item is in stock,Automatic,3235,"3135, Manufacture Rolex",70 h,31,Steel,36 mm,10 ATM,White gold,Sapphire crystal,Black,No numerals,Steel,Steel,Fold clasp,Steel,,Show information,,,,,
38510765,Rolex Submariner Date41mm NEW/UNWORN 2025,"$14,990",MXF3H8,Rolex,Submariner Date,126610LN(Submariner Ceramic Bezel Dark),Automatic,Steel,Steel,2025,NewThe item is new and shows no signs of wear. The guarantee period begins with the purchase of the watch.,"Original box, original papers",Men's watch/Unisex,"United States of America, California, Los Angeles","$14,990 [Negotiable]",Item is in stock,Automatic,3235,cal. 3135,70 h,31,Steel,41 x 40 mm,30 ATM,Ceramic,Sapphire crystal,Black,No numerals,Steel,Steel,Fold clasp,Steel,,,,,,,
41206055,Rolex Submariner Date116613LN,"$13,775",OJ6SN3,Rolex,Submariner Date,116613LN,Automatic,Gold/Steel,Gold/Steel,2020,"Used (Very good)The item shows minor signs of wear, such as small, intangible scratches.","Original box, original papers",Men's watch/Unisex,"United States of America, New York, New York","$13,775",Item is in stock,Automatic,3135,Rolex 3135,48 h,31,Gold/Steel,40 mm,30 ATM,Ceramic,Sapphire crystal,Black,No numerals,Gold/Steel,Gold/Steel,Fold clasp,Gold/Steel,2690,Show information,,"February 19, 2025Serviced in-house",,,
40555765,Rolex Datejust 3636mm 126233 Grey Wimbledon Dial Gold Fluted Bezel + Box,"$11,995",O59112,Rolex,Datejust 36,126233,Automatic,Gold/Steel,Gold/Steel,2020 (Approximation),"Used (Very good)The item shows minor signs of wear, such as small, intangible scratches.","Original box, no original papers",Men's watch/Unisex,"United States of America, New York, New York","$11,995",Item is in stock,Automatic,3235,Rolex 3135,70 h,31,Gold/Steel,36 mm,10 ATM,Yellow gold,Sapphire crystal,Grey,No numerals,Gold/Steel,Gold/Steel,Fold clasp,Gold/Steel,,,,,,,
41670709,Rolex MilgaussBlack Dial,"$9,749",OT5BP4,Rolex,Milgauss,116400GV,Automatic,Steel,Steel,2019,"Used (Good)The item shows visible and tangible signs of wear like scratches, scuffs, or small dents.","Original box, original papers",Men's watch/Unisex,"United States of America, New York, Miami","$9,749",Item is in stock,Automatic,3131,Rolex 3131,48 h,31,Steel,40 mm,10 ATM,Steel,Sapphire crystal,Black,No numerals,Steel,Steel,Fold clasp,Steel,Kareem,,,,,,
39234725,Rolex Submariner (No Date)2025 NEW 124060 Stainless Steel,"$13,695",NCXPH5,Rolex,Submariner (No Date),124060,Automatic,Steel,Steel,2025,NewThe item is new and shows no signs of wear. The guarantee period begins with the purchase of the watch.,"Original box, original papers",Men's watch/Unisex,"United States of America, Florida, Orlando","$13,695 [Negotiable]",Item is in stock,Automatic,3230,3130,70 h,31,Steel,41 x 40 mm,30 ATM,Ceramic,Sapphire crystal,Black,No numerals,Steel,Steel,Fold clasp,Steel,,Show information,,,,,
41001712,Rolex Lady-DatejustLike NEW Y serial Lady-Datejust 2-Tone Jubilee Champagne Index Dial 179173,"$8,495",OET4G4,Rolex,Lady-Datejust,179173,Automatic,Gold/Steel,Gold/Steel,2002 (Approximation),"Used (Very good)The item shows minor signs of wear, such as small, intangible scratches.","Original box, original papers",Women's watch,"United States of America, California, Los Angeles","$8,495",Item is in stock,Automatic,2235,2235,48 h,31,Gold/Steel,26 mm,10 ATM,Yellow gold,Sapphire crystal,Champagne,No numerals,Gold/Steel,Gold/Steel,,Gold/Steel,,Show information,,,,,
33632699,Rolex Datejust Turn-O-Graph2003 Datejust Turn-O-Graph UN-WORN Boxes Papers White Roman Dial Thunderbird 16263,"$13,983",K0V5N0,Rolex,Datejust Turn-O-Graph,16263,Automatic,Gold/Steel,Gold/Steel,2003,"Like new & unwornThe item shows no signs of wear such as scratches or dents, and it has not been worn. The item has not been polished.","Original box, original papers",Men's watch/Unisex,"United States of America, Florida, HARRISBURG","$13,983 [Negotiable]",Item is in stock,Automatic,3135,3135,48 h,31,Gold/Steel,36 mm,10 ATM,Yellow gold,Sapphire crystal,White,Roman numerals,Gold/Steel,Gold/Steel,Fold clasp,Steel,,,,,,,20 mmSize guide
40566663,"Rolex GMT-Master IINEW 2025 GMT-Master II ""Bruce Wayne"" 40mm 126710GRNR Oyster","$19,600",O5HFR5,Rolex,GMT-Master II,126710GRNR(Bruce Wayne),Automatic,Steel,Steel,2025,NewThe item is new and shows no signs of wear. The guarantee period begins with the purchase of the watch.,"Original box, original papers",Men's watch/Unisex,"United States of America, Michigan, Oak Park, MI","$19,600",Item is in stock,Automatic,3285,Rolex 3186,70 h,31,Steel,40 mm,10 ATM,Ceramic,Sapphire crystal,Black,No numerals,Steel,Steel,Fold clasp,Steel,,Show information,,,,,
37670243,Rolex Datejust 41Blue Roman Dial 126334 Jubilee Full Set,"$13,950",MFEJN3,Rolex,Datejust 41,126334(Jubilee),Automatic,Silver,Steel,2023,"Like new & unwornThe item shows no signs of wear such as scratches or dents, and it has not been worn. The item has not been polished.","Original box, original papers",Men's watch/Unisex,"United States of America, Florida, Miami","$13,950 [Negotiable]",Item is in stock,Automatic,3235,Rolex 3135,70 h,31,Silver,41 mm,10 ATM,White gold,Sapphire crystal,Blue,No numerals,Steel,Steel,Fold clasp,Steel,,,,,,,
39739652,Rolex Sky-Dweller2025 Mint Green Sky-Dweller on Jubilee - COMPLETE - 336934,"$27,750",NNRB84,Rolex,Sky-Dweller,336934(Jubilee),Automatic,Steel,Steel,2025,"Like new & unwornThe item shows no signs of wear such as scratches or dents, and it has not been worn. The item has not been polished.","Original box, original papers",Men's watch/Unisex,"United States of America, Illinois, BANNOCKBURN","$27,750 [Negotiable]",Item is in stock,Automatic,9002,9002,72 h,29,Steel,42 mm,10 ATM,White gold,Sapphire crystal,Green,No numerals,Steel,Silver,Fold clasp,Steel,,Show information,"Central seconds, Screw-Down Crown",,,,
38100971,Rolex GMT-Master IIUnworn 2023 GMT-Master II 126710BLNR,"$16,892",MOMWB7,Rolex,GMT-Master II,126710BLNR,Automatic,Steel,Steel,2023,"Like new & unwornThe item shows no signs of wear such as scratches or dents, and it has not been worn. The item has not been polished.","Original box, original papers",Men's watch/Unisex,"United States of America, Florida, Miami","$16,892",Item is in stock,Automatic,3235 3186,3186,70 h,31,Steel,40 mm,10 ATM,Ceramic,Sapphire crystal,Black,No numerals,Steel,Steel,Fold clasp,Steel,42381380878488,,,,,,
38495527,Rolex Datejust 362021 Blue Index Dial Stainless Steel Smooth Bezel Oyster Bracelet,"$8,995",MX3C78,Rolex,Datejust 36,126200(Datejust smooth bezel),Automatic,Steel,Steel,2021,"Used (Very good)The item shows minor signs of wear, such as small, intangible scratches.","Original box, original papers",Men's watch/Unisex,"United States of America, New York, New York City","$8,995",Item is in stock,Automatic,3235,Rolex 3135,70 h,31,Steel,36 mm,10 ATM,Steel,Sapphire crystal,Blue,No numerals,Steel,Steel,Fold clasp,Steel,,,,,,,
37833833,Rolex Oyster Perpetual76030 Silver Dial Ladies Watch,"$3,999",MIWRT9,Rolex,Oyster Perpetual,76030,Automatic,Steel,Steel,Unknown,"Used (Very good)The item shows minor signs of wear, such as small, intangible scratches.","No original box, no original papers",Women's watch,"United States of America, New York, Great Neck","$3,999 [Negotiable]",Item is in stock,Automatic,,,,,Steel,24 mm,,Steel,,Silver,,Steel,Steel,Fold clasp,,R76030SVIO2002-1,,,,,,
41915863,Rolex GMT-Master II126711CHNR Rose Gold / Steel Black Dial + Box,"$18,195",OYEHJ4,Rolex,GMT-Master II,126711CHNR,Automatic,Rose gold,Gold/Steel,2020 (Approximation),"Used (Very good)The item shows minor signs of wear, such as small, intangible scratches.","Original box, no original papers",Men's watch/Unisex,"United States of America, New York, New York","$18,195",Item is in stock,Automatic,3285,Rolex 3285,70 h,31,Rose gold,40 mm,10 ATM,Ceramic,Sapphire crystal,Black,No numerals,Gold/Steel,Gold/Steel,Fold clasp,Gold/Steel,,,,,,,
30833589,Rolex Datejust 36Black Dial,"$11,199",ICVCL8,Rolex,Datejust 36,126234,Automatic,Steel,Steel,2023,"Like new & unwornThe item shows no signs of wear such as scratches or dents, and it has not been worn. The item has not been polished.","Original box, original papers",Men's watch/Unisex,"United States of America, New York, New York","$11,199",Item is in stock,Automatic,3235,"3135, Manufacture Rolex",70 h,31,Steel,36 mm,10 ATM,White gold,Sapphire crystal,Black,No numerals,Steel,Steel,Fold clasp,Steel,,,,,,,
40400194,Rolex Day-Date 3618038,"$14,200",O1WZM3,Rolex,Day-Date 36,18038(Day-Date 36mm (up to 2000)),Automatic,Yellow gold,Yellow gold,Unknown,"Used (Very good)The item shows minor signs of wear, such as small, intangible scratches.","No original box, no original papers",Men's watch/Unisex,"United States of America, California, Fullerton","$14,200",Item is in stock,Automatic,3055,Cal. 3055,48 h,27,Yellow gold,36 mm,10 ATM,Yellow gold,Sapphire crystal,White,No numerals,Yellow gold,Gold,"Fold clasp, hidden",Yellow gold,590-20257,,,,,,
39277958,Rolex Datejust 31Very Good Condition 1986 Datejust 31 Steel Jubilee Silver Index Dial 68274,"$5,995",NDV2E7,Rolex,Datejust 31,68274(Jubilee),Automatic,Steel,Steel,1986,"Used (Very good)The item shows minor signs of wear, such as small, intangible scratches.","Original box, no original papers",Women's watch,"United States of America, California, Los Angeles","$5,995",Item is in stock,Automatic,2135,2135,42 h,29,Steel,31 x 30 mm,10 ATM,White gold,Sapphire crystal,Silver,No numerals,Steel,Steel,Fold clasp,Steel,,Show information,Screw-Down Crown,,,,
39950961,Rolex Day-Date 40NEW 2025 Day-Date 40mm 228235 Presidential 18kt Yellow Gold Slate Ombre Dial,"$61,194",NSACX8,Rolex,Day-Date 40,228235,Automatic,Rose gold,Rose gold,2025,NewThe item is new and shows no signs of wear. The guarantee period begins with the purchase of the watch.,"Original box, original papers",Men's watch/Unisex,"United States of America, Michigan, Oak Park","$61,194",Item is in stock,Automatic,3255,"3255, Manufacture Rolex",70 h,31,Rose gold,40 mm,10 ATM,Rose gold,Sapphire crystal,Grey,Roman numerals,Rose gold,Gold,Fold clasp,Rose Gold,,Show information,,,,,
38653073,Rolex Datejust 3636mm 5.9ct Diamond Bezel/Lugs/Bracelet/Black Stick Dial Watch,"$12,750",N0GWH5,Rolex,Datejust 36,116200,Automatic,Steel,,Unknown,"Used (Very good)The item shows minor signs of wear, such as small, intangible scratches.","Original box, original papers",Men's watch/Unisex,"United States of America, New York, New York","$12,750 [Negotiable]",Item is in stock,Automatic,,,,,Steel,36 mm,10 ATM,,,Black,,,,,,ESF31839001,,,,,,
29351680,Rolex Submariner DateBluesy 41 126613LB Full Set,"$17,950",HH3WG4,Rolex,Submariner Date,126613lb,Automatic,Gold/Steel,Gold/Steel,2023 (Approximation),"Like new & unwornThe item shows no signs of wear such as scratches or dents, and it has not been worn. The item has not been polished.","Original box, original papers",Men's watch/Unisex,"United States of America, Florida, Miami","$17,950 [Negotiable]",Item is in stock,Automatic,3235,Rolex 3135,70 h,31,Gold/Steel,41 mm,30 ATM,Yellow gold,Sapphire crystal,Blue,No numerals,Gold/Steel,Gold/Steel,Fold clasp,Gold/Steel,,,,,,,
39740239,"Rolex GMT-Master II2024 GMT-Master II (""Bumblebee / Zombie"") - COMPLETE - 126713GRNR","$21,975",NNRRJ7,Rolex,GMT-Master II,126713grnr,Automatic,Gold/Steel,Gold/Steel,2024,"Like new & unwornThe item shows no signs of wear such as scratches or dents, and it has not been worn. The item has not been polished.","Original box, original papers",Men's watch/Unisex,"United States of America, BANNOCKBURN","$21,975 [Negotiable]",Item is in stock,Automatic,3285,Rolex 3186,70 h,31,Gold/Steel,40 mm,10 ATM,Ceramic,Sapphire crystal,Black,No numerals,Gold/Steel,Gold/Steel,Fold clasp,Gold/Steel,,Show information,,,,,
35540908,Rolex Daytona116520,"$22,150",L5RJG8,Rolex,Daytona,116520(Daytona (1988-2015)),Automatic,Steel,Steel,2010,"Used (Very good)The item shows minor signs of wear, such as small, intangible scratches.","Original box, original papers",Men's watch/Unisex,"United States of America, Florida, miami","$22,150",Item is in stock,Automatic,4130,Rolex 4130,72 h,44,Steel,40 mm,10 ATM,Steel,Sapphire crystal,White,No numerals,Steel,Steel,Fold clasp,Steel,,,,,,,
34994895,Rolex Datejust 3636mm Wimbledon Jubilee NEW/UNWORN 2025,"$12,949",KU28F5,Rolex,Datejust 36,126234,Automatic,Steel,Steel,2025,NewThe item is new and shows no signs of wear. The guarantee period begins with the purchase of the watch.,"Original box, original papers",Men's watch/Unisex,"United States of America, California, Los Angeles","$12,949 [Negotiable]",Item is in stock,Automatic,3235,"3135, Manufacture Rolex",70 h,31,Steel,36 mm,10 ATM,White gold,Sapphire crystal,Grey,No numerals,Steel,Steel,Fold clasp,Steel,,,,,,,
41915828,Rolex Sea-Dweller Deepsea116660 44mm James Cameron Blue and Black Dial Box + Papers,"$12,695",OYEGK2,Rolex,Sea-Dweller Deepsea,116660,Automatic,Steel,Steel,2017,"Used (Very good)The item shows minor signs of wear, such as small, intangible scratches.","Original box, original papers",Men's watch/Unisex,"United States of America, New York, New York","$12,695",Item is in stock,Automatic,3135,Rolex 3135,48 h,31,Steel,44 mm,Over 120 ATM,Ceramic,Sapphire crystal,Blue,No numerals,Steel,Steel,Fold clasp,Steel,,,,,,,
34243276,Rolex Datejust 31NEW 2024 Champagne Index Dial Two Tone Yellow Gold Fluted Bezel Jubilee,"$17,495",KDYA43,Rolex,Datejust 31,278273,Automatic,Gold/Steel,Gold/Steel,2024,"Like new & unwornThe item shows no signs of wear such as scratches or dents, and it has not been worn. The item has not been polished.","Original box, original papers",Women's watch,"United States of America, New York, New York City","$17,495",Item is in stock,Automatic,2236,Rolex 3135,55 h,31,Gold/Steel,31 x 37 mm,10 ATM,Yellow gold,Sapphire crystal,Champagne,,Gold/Steel,Gold/Steel,Fold clasp,Gold/Steel,,,,,,,
39451411,Rolex Datejust 31Mother Of Pearl (MOP),"$19,299",NHKWJ3,Rolex,Datejust 31,278271,Automatic,Gold/Steel,Gold/Steel,2023,"Like new & unwornThe item shows no signs of wear such as scratches or dents, and it has not been worn. The item has not been polished.","Original box, original papers",Women's watch,"United States of America, Florida, Miami","$19,299",Item is in stock,Automatic,2236,Rolex 3135,55 h,31,Gold/Steel,31 x 37 mm,10 ATM,Rose gold,Sapphire crystal,Mother of pearl,No numerals,Gold/Steel,Gold/Steel,Fold clasp,Gold/Steel,,,,,,,
41726233,Rolex Datejust 3616030,"$5,462",OUC618,Rolex,Datejust 36,16030,Automatic,Steel,Steel,1982,"Used (Very good)The item shows minor signs of wear, such as small, intangible scratches.","No original box, no original papers",Men's watch/Unisex,"United States of America, New York, New York","$5,462",Item is in stock,Automatic,3035,3035,42 h,27,Steel,36 x 44 mm,10 ATM,Steel,Plexiglass,Silver,No numerals,Steel,Steel,Fold clasp,Steel,2722,Show information,Screw-Down Crown,"June 19, 2025Serviced in-house",,,
39548537,Rolex Day-Date 36Like NEW 2016 Day-Date 36 White Gold President Cherry Index Dial 118239 FULL SET,"$38,495",NJNUH1,Rolex,Day-Date 36,118239,Automatic,White gold,White gold,2016,"Used (Very good)The item shows minor signs of wear, such as small, intangible scratches.","Original box, original papers",Men's watch/Unisex,"United States of America, California, Los Angeles","$38,495",Item is in stock,Automatic,3155,"3135, Manufacture Rolex",48 h,31,White gold,36 x 43 mm,10 ATM,White gold,Sapphire crystal,Red,No numerals,White gold,Gold,,White Gold,,Show information,,,,,
39274824,Rolex Day-Date 40NEW 2025 Day-Date 40mm 228238 Mother Of Pearl Diamond Dial,"$62,250",NDSNC1,Rolex,Day-Date 40,228238(Day-Date Diamonds),Automatic,Yellow gold,Yellow gold,2025,NewThe item is new and shows no signs of wear. The guarantee period begins with the purchase of the watch.,"Original box, original papers",Men's watch/Unisex,"United States of America, Michigan, Oak Park, MI","$62,250",Item is in stock,Automatic,3255,cal. 3135,70 h,31,Yellow gold,40 mm,10 ATM,Yellow gold,Sapphire crystal,Mother of pearl,,Yellow gold,Gold,Fold clasp,Yellow gold,,Show information,,,,,
36091299,Rolex Datejust 41Unworn Datejust 41 Blue Stick Dial 126334 Jubilee,"$15,250",LHK837,Rolex,Datejust 41,126334(Jubilee),Automatic,White gold,Steel,2021 (Approximation),"Like new & unwornThe item shows no signs of wear such as scratches or dents, and it has not been worn. The item has not been polished.","Original box, original papers",Men's watch/Unisex,"United States of America, Florida, Miami","$15,250 [Negotiable]",Item is in stock,Automatic,3235,Rolex 3135,70 h,31,White gold,41 mm,10 ATM,White gold,Sapphire crystal,Blue,No numerals,Steel,Steel,Fold clasp,Steel,,,,,,,
41671710,Rolex Explorer II16570,"$7,400",OT63I4,Rolex,Explorer II,16570(Explorer II 16570 Black),Automatic,Steel,Steel,2025 (Approximation),"Used (Very good)The item shows minor signs of wear, such as small, intangible scratches.","Original papers, no original box",Men's watch/Unisex,"United States of America, California, Fullerton","$7,400",Item is in stock,Automatic,3185,cal. 3185,50 h,31,Steel,40 mm,10 ATM,Steel,Sapphire crystal,Black,No numerals,Steel,Steel,Fold clasp,Steel,590-21341,,,,,,
39913910,Rolex Datejust Turn-O-Graph16263 Datejust Turn-O-Graph Champagne Index Dial Oyster Bracelet Complete Set 1998,"$6,900",NRHRQ2,Rolex,Datejust Turn-O-Graph,16263,Automatic,Gold/Steel,Gold/Steel,1998,"Used (Very good)The item shows minor signs of wear, such as small, intangible scratches.","Original box, original papers",Men's watch/Unisex,"United States of America, New York, NEW YORK","$6,900",Item is in stock,Automatic,3155,3135,48 h,31,Gold/Steel,36 mm,10 ATM,Yellow gold,Sapphire crystal,Champagne,No numerals,Gold/Steel,Gold/Steel,Fold clasp,Steel,w1928,,,"April 15, 2025Serviced in-house",,,
35047805,Rolex Datejust 31NEW 2024 White Roman Dial Scatter Diamond Bezel Two Tone Yellow Gold Oyster,"$23,495",KV7258,Rolex,Datejust 31,278343RBR,Automatic,Gold/Steel,Gold/Steel,2024,"Like new & unwornThe item shows no signs of wear such as scratches or dents, and it has not been worn. The item has not been polished.","Original box, original papers",Women's watch,"United States of America, New York, New York City","$23,495",Item is in stock,Automatic,2236,,55 h,31,Gold/Steel,31 mm,10 ATM,Yellow gold,Sapphire crystal,White,,Gold/Steel,Gold/Steel,Fold clasp,Gold/Steel,,,,,,,
41800223,Rolex Yacht-Master 4016622,"$9,600",OVX9B0,Rolex,Yacht-Master 40,16622,Automatic,Steel,Steel,2005 (Approximation),"Used (Very good)The item shows minor signs of wear, such as small, intangible scratches.","Original box, no original papers",Men's watch/Unisex,"United States of America, Santa Monica","$9,600",Item is in stock,Automatic,3135,3135,48 h,31,Steel,40 mm,10 ATM,Platinum,Sapphire crystal,Silver,No numerals,Steel,Steel,Fold clasp,Steel,,Show information,,,,,
40980135,Rolex Oyster Perpetual 39Grey Rhodium Dial 114300 + Box,"$7,495",OECH30,Rolex,Oyster Perpetual 39,114300,Automatic,Steel,Steel,2018 (Approximation),"Used (Very good)The item shows minor signs of wear, such as small, intangible scratches.","Original box, no original papers",Men's watch/Unisex,"United States of America, New York, New York","$7,495",Item is in stock,Automatic,3132,3132,48 h,31,Steel,39 mm,10 ATM,Steel,Sapphire crystal,Grey,No numerals,Steel,Steel,Fold clasp,Steel,,,,,,,
37128525,Rolex GMT-Master II126710BLRO,"$20,399",M3SJX8,Rolex,GMT-Master II,126710BLRO(Pepsi),Automatic,Steel,Steel,2023,"Like new & unwornThe item shows no signs of wear such as scratches or dents, and it has not been worn. The item has not been polished.","Original box, original papers",Men's watch/Unisex,"United States of America, Florida, Miami","$20,399",Item is in stock,Automatic,3285,Rolex 3186,70 h,31,Steel,40 mm,10 ATM,Ceramic,Sapphire crystal,Black,No numerals,Steel,Steel,Fold clasp,Steel,,,,,,,
40034168,Rolex Submariner Date41 White Gold 41mm (126619LB) - BOX & PAPERS 2022,"$35,000",NU2K82,Rolex,Submariner Date,126619LB(Submariner Ceramic Bezel Light),Automatic,White gold,White gold,2022,"Like new & unwornThe item shows no signs of wear such as scratches or dents, and it has not been worn. The item has not been polished.","Original box, original papers",Men's watch/Unisex,"United States of America, Massachusetts, Boston","$35,000 [Negotiable]",Item is in stock,Automatic,3235,cal. 3135,70 h,31,White gold,41 mm,30 ATM,Ceramic,Sapphire crystal,Black,No numerals,White gold,Gold,Fold clasp,White Gold,VIZAX,Show information,,,,,
41260668,Rolex DaytonaNEW Old Stock 2021 Cosmograph Daytona Platinum Ice Blue Dial 116506 FULL SET,"$96,495",OKCXO2,Rolex,Daytona,116506(Ice),Automatic,Platinum,Platinum,2021,NewThe item is new and shows no signs of wear. The guarantee period begins with the purchase of the watch.,"Original box, original papers",Men's watch/Unisex,"United States of America, California, Los Angeles","$96,495",Item is in stock,Automatic,4130,4130,72 h,44,Platinum,40 mm,10 ATM,Ceramic,Sapphire crystal,Blue,No numerals,Platinum,Silver,Fold clasp,Platinum,,Show information,,,,,
35047850,Rolex Datejust 31NEW 2024 Champagne Diamond Scatter Diamond Bezel Two Tone Yellow Gold Oyster,"$24,495",KV73E3,Rolex,Datejust 31,278343RBR,Automatic,Gold/Steel,Gold/Steel,2024,"Like new & unwornThe item shows no signs of wear such as scratches or dents, and it has not been worn. The item has not been polished.","Original box, original papers",Women's watch,"United States of America, New York, New York City","$24,495",Item is in stock,Automatic,2236,,55 h,31,Gold/Steel,31 mm,10 ATM,Yellow gold,Sapphire crystal,Champagne,,Gold/Steel,Gold/Steel,Fold clasp,Gold/Steel,,,,,,,
41613088,Rolex Oyster PerpetualStainless Dial (2025) NEW 2025 Oyster Perpetual 41mm 134300 Med Blue Dial,"$12,144",ORWV47,Rolex,Oyster Perpetual,134300,Automatic,Steel,Steel,2025,NewThe item is new and shows no signs of wear. The guarantee period begins with the purchase of the watch.,"Original box, original papers",Men's watch/Unisex,"United States of America, Michigan, Oak Park, MI","$12,144",Item is in stock,Automatic,3230,Rolex 3135,70 h,31,Steel,41 mm,10 ATM,Steel,Sapphire crystal,Blue,No numerals,Steel,Steel,Fold clasp,Steel,,Show information,,,,,
31868020,Rolex DaytonaJohn Mayer Unworn Full Set 116508,"$75,800",IZ1IS3,Rolex,Daytona,116508,Automatic,Yellow gold,Yellow gold,2019 (Approximation),"Like new & unwornThe item shows no signs of wear such as scratches or dents, and it has not been worn. The item has not been polished.","Original box, original papers",Men's watch/Unisex,"United States of America, Florida, Miami","$75,800 [Negotiable]",Item is in stock,Automatic,4130,4130,72 h,44,Yellow gold,40 mm,10 ATM,Yellow gold,Sapphire crystal,Green,No numerals,Yellow gold,Gold,Fold clasp,Yellow gold,,,,,,,
41412980,Rolex Oyster PerpetualStainless Dial (2025),"$14,300",ONMGK8,Rolex,Oyster Perpetual,134300,Automatic,Steel,Steel,2025 (Approximation),"Used (Very good)The item shows minor signs of wear, such as small, intangible scratches.","Original box, original papers",Men's watch/Unisex,"United States of America, California, Fullerton","$14,300",Item is in stock,Automatic,3230,Rolex 3135,70 h,31,Steel,41 mm,10 ATM,Steel,Sapphire crystal,Blue,No numerals,Steel,Steel,Fold clasp,Steel,590-21142,,,,,,
40611637,Rolex Datejust 3616233 Datejust 36 mm Jubilee Champagne Diamond Dial Jubilee Bracelet Complete Set 1996,"$8,200",O6G516,Rolex,Datejust 36,16233,Automatic,Yellow gold,Gold/Steel,1996,"Used (Very good)The item shows minor signs of wear, such as small, intangible scratches.","Original box, original papers",Men's watch/Unisex,"United States of America, New York, NEW YORK","$8,200",Item is in stock,Automatic,3135,"3135, Manufacture Rolex",42 h,31,Yellow gold,36 mm,10 ATM,Yellow gold,Sapphire crystal,Champagne,No numerals,Gold/Steel,Gold/Steel,Fold clasp,Steel,w2014,,,"May 23, 2025Serviced in-house",,,
40442081,Rolex Day-Date 40228235,"$53,397",O2TB54,Rolex,Day-Date 40,228235,Automatic,Rose gold,Rose gold,2024 (Approximation),"Used (Very good)The item shows minor signs of wear, such as small, intangible scratches.","Original box, original papers",Men's watch/Unisex,"United States of America, Connecticut, Milford","$53,397",Item is in stock,Automatic,3255,"3255, Manufacture Rolex",70 h,31,Rose gold,40 mm,10 ATM,Rose gold,Sapphire crystal,Green,Roman numerals,Rose gold,Gold,Fold clasp,Rose Gold,,Show information,,,,,
39722518,"Rolex Submariner Date41mm ""Bluesy"" 126613LB Complete Set","$17,449",NNE3A9,Rolex,Submariner Date,126613lb,Automatic,Gold/Steel,Gold/Steel,2022,"Used (Very good)The item shows minor signs of wear, such as small, intangible scratches.","Original box, original papers",Men's watch/Unisex,"United States of America, California","$17,449 [Negotiable]",Item is in stock,Automatic,,,,,Gold/Steel,41 mm,,Ceramic,Sapphire crystal,Blue,Lines,Gold/Steel,Gold/Steel,,Gold/Steel,,,,,,,
40975214,Rolex Datejust 4141MM 126334 Blue Dial Fluted Bezel Oyster Bracelet Box + Papers,"$12,389",OE8OE5,Rolex,Datejust 41,126334,Automatic,Steel,Steel,2018,"Used (Very good)The item shows minor signs of wear, such as small, intangible scratches.","Original box, original papers",Men's watch/Unisex,"United States of America, New York, New York","$12,389",Item is in stock,Automatic,3235,Rolex 3135,70 h,31,Steel,41 mm,10 ATM,White gold,Sapphire crystal,Blue,No numerals,Steel,Steel,Fold clasp,Steel,,,,,,,
41725514,Rolex Explorer II16570,"$8,075",OUBM21,Rolex,Explorer II,16570(Explorer II 16570 White),Automatic,Steel,Steel,1998,"Used (Very good)The item shows minor signs of wear, such as small, intangible scratches.","No original box, no original papers",Men's watch/Unisex,"United States of America, New York, New York","$8,075",Item is in stock,Automatic,3185,cal. 3185,50 h,31,Steel,40 mm,10 ATM,Steel,Sapphire crystal,White,No numerals,Steel,Steel,Fold clasp,Steel,2730,Show information,,"May 9, 2025Serviced in-house",,,
34972956,Rolex GMT-Master II2025 Bruce Wayne Oyster Bracelet NEW/UNWORN,"$19,590",KTLB07,Rolex,GMT-Master II,126710GRNR(Bruce Wayne),Automatic,Steel,Steel,2025,NewThe item is new and shows no signs of wear. The guarantee period begins with the purchase of the watch.,"Original box, original papers",Men's watch/Unisex,"United States of America, California, Los Angeles","$19,590 [Negotiable]",Item is in stock,Automatic,3285,Rolex 3186,70 h,31,Steel,40 mm,10 ATM,Ceramic,Sapphire crystal,Black,No numerals,Steel,Steel,Fold clasp,Steel,,,,,,,
41260357,Rolex Oyster Perpetual DateVery Good Condition 1978 Oyster Perpetual Date Silver Index Dial 1500,"$4,250",OKCP15,Rolex,Oyster Perpetual Date,1500(Oyster Perpetual Vintage),Automatic,Steel,Steel,1978,"Used (Very good)The item shows minor signs of wear, such as small, intangible scratches.","Original box, no original papers",Men's watch/Unisex,"United States of America, California, Los Angeles","$4,250",Item is in stock,Automatic,1570,cal. 3035,48 h,26,Steel,34 mm,10 ATM,Steel,Plexiglass,Silver,No numerals,Steel,Steel,Fold clasp,Steel,,Show information,,,,,
40050525,Rolex Datejust 41NEW 2025 Datejust 41mm 126334 Stainless Steel Jubilee Blue Dial,"$16,225",NUF6L2,Rolex,Datejust 41,126334(Jubilee),Automatic,Steel,Steel,2025,NewThe item is new and shows no signs of wear. The guarantee period begins with the purchase of the watch.,"Original box, original papers",Men's watch/Unisex,"United States of America, Michigan, Oak Park, MI","$16,225",Item is in stock,Automatic,3235,Rolex 3135,70 h,31,Steel,41 mm,10 ATM,White gold,Sapphire crystal,Blue,No numerals,Steel,Steel,Fold clasp,Steel,,Show information,,,,,
34940845,Rolex Submariner Date116613LB Mint Like New Full Set Bluesy,"$15,550",KSWJ10,Rolex,Submariner Date,116613LB,Automatic,Steel,Gold/Steel,2017,"Like new & unwornThe item shows no signs of wear such as scratches or dents, and it has not been worn. The item has not been polished.","Original box, original papers",Men's watch/Unisex,"United States of America, Florida, Miami","$15,550 [Negotiable]",Item is in stock,Automatic,3135,Rolex 3135,50 h,31,Steel,40 mm,30 ATM,Ceramic,Sapphire crystal,Blue,No numerals,Gold/Steel,Gold/Steel,Fold clasp,Gold/Steel,,,,,,,
36663927,Rolex Datejust 36Champagne Dial,"$14,999",LTU2F4,Rolex,Datejust 36,126233,Automatic,Gold/Steel,Gold/Steel,2023,"Like new & unwornThe item shows no signs of wear such as scratches or dents, and it has not been worn. The item has not been polished.","Original box, original papers",Men's watch/Unisex,"United States of America, Florida, Miami","$14,999",Item is in stock,Automatic,3235,Rolex 3135,70 h,31,Gold/Steel,36 mm,10 ATM,Yellow gold,Sapphire crystal,Gold,,Gold/Steel,Gold/Steel,Fold clasp,Gold/Steel,,,,,,,
41888553,Rolex Submariner Date126610LN Submariner Date 41 mm Ceramic Bezel Black Dial Oyster Bracelet Complete Set 2020,"$13,900",OXTEX9,Rolex,Submariner Date,126610LN(Submariner Ceramic Bezel Dark),Automatic,Steel,Steel,2020,"Used (Very good)The item shows minor signs of wear, such as small, intangible scratches.","Original box, original papers",Men's watch/Unisex,"United States of America, New York, NEW YORK","$13,900",Item is in stock,Automatic,3235,cal. 3135,70 h,31,Steel,41 x 40 mm,30 ATM,Ceramic,Sapphire crystal,Black,No numerals,Steel,Steel,Fold clasp,Steel,w3113,,,"July 23, 2025Serviced in-house",,,
38164181,Rolex Lady-Datejust279171,"$12,899",MPZO54,Rolex,Lady-Datejust,279171,Automatic,Gold/Steel,Gold/Steel,2022,"Used (Very good)The item shows minor signs of wear, such as small, intangible scratches.","Original box, original papers",Women's watch,"United States of America, Clearwater","$12,899",Item is in stock,Automatic,Rolex 2236,2236,55 h,31,Gold/Steel,28 mm,10 ATM,Rose gold,Sapphire crystal,Pink,,Gold/Steel,Gold/Steel,Fold clasp,Gold/Steel,,,,,,,
41358897,Rolex Explorer39mm 214270 MK1 Dial Box + Papers,"$7,595",OMGQ98,Rolex,Explorer,214270(Arabic Dial),Automatic,Steel,Steel,2016,"Used (Very good)The item shows minor signs of wear, such as small, intangible scratches.","Original box, original papers",Men's watch/Unisex,"United States of America, New York, New York","$7,595",Item is in stock,Automatic,3132,3132,48 h,31,Steel,39 mm,10 ATM,Steel,Sapphire crystal,Black,Arabic numerals,Steel,Steel,Fold clasp,Steel,,,,,,,
41434006,Rolex Submariner (No Date)124060,"$11,875",OO2OM2,Rolex,Submariner (No Date),124060,Automatic,Steel,Steel,2021,"Used (Very good)The item shows minor signs of wear, such as small, intangible scratches.","Original box, original papers",Men's watch/Unisex,"United States of America, New York, New York","$11,875",Item is in stock,Automatic,3230,3130,70 h,31,Steel,41 x 40 mm,30 ATM,Ceramic,Sapphire crystal,Black,No numerals,Steel,Steel,Fold clasp,Steel,2748,Show information,,"June 20, 2025Serviced in-house",,,
34485638,Rolex Daytona2025 UNWORN COMPLETE BEST PRICE Daytona 40 mm,"$29,500",KJ5AE9,Rolex,Daytona,116500LN(Daytona (from 2016)),Automatic,Steel,Steel,2025,NewThe item is new and shows no signs of wear. The guarantee period begins with the purchase of the watch.,"Original box, original papers",Men's watch/Unisex,"United States of America, New York, New York","$29,500 [Negotiable]",Item needs to be procured,Automatic,4130,Cal.4130,72 h,44,Steel,40 mm,10 ATM,Ceramic,Sapphire crystal,Black,No numerals,Steel,Steel,Fold clasp,Steel,,,,,,,
39818726,Rolex Day-Date 40Unworn 2023 Day-Date 40mm Chocolate Baguette 228235,"$53,560",NPGBQ7,Rolex,Day-Date 40,228235,Automatic,Rose gold,Rose gold,2023,"Like new & unwornThe item shows no signs of wear such as scratches or dents, and it has not been worn. The item has not been polished.","Original box, original papers",Men's watch/Unisex,"United States of America, Florida, Miami","$53,560",Item is in stock,Automatic,3255 3255,3255,70 h,31,Rose gold,40 mm,10 ATM,Rose gold,Sapphire crystal,Brown,No numerals,Rose gold,Gold,Fold clasp,Rose Gold,42813006839960,,,,,,
40979320,"Rolex Submariner DateLike NEW 2021 Submariner Date 2-Tone Oyster ""Bluesy"" Blue Dial & Bezel 126613LB FULL SET","$16,995",OEBUG4,Rolex,Submariner Date,126613lb,Automatic,Gold/Steel,Gold/Steel,2021,"Used (Very good)The item shows minor signs of wear, such as small, intangible scratches.","Original box, original papers",Men's watch/Unisex,"United States of America, California, Los Angeles","$16,995",Item is in stock,Automatic,3235,Rolex 3135,70 h,31,Gold/Steel,41 mm,30 ATM,Yellow gold,Sapphire crystal,Blue,No numerals,Gold/Steel,Gold/Steel,Fold clasp,Gold/Steel,,Show information,,,,,
41110190,Rolex GMT-Master IINOS 2021 GMT-Master II 40mm 126755SARU Pepsi Rose Gold Sapphire Ruby,"$119,227",OH4TQ8,Rolex,GMT-Master II,126755SARU,Automatic,Rose gold,Rose gold,2021,NewThe item is new and shows no signs of wear. The guarantee period begins with the purchase of the watch.,"Original box, original papers",Men's watch/Unisex,"United States of America, Michigan, Oak Park, MI","$119,227",Item is in stock,Automatic,3186,,70 h,31,Rose gold,40 mm,10 ATM,Rose gold,Sapphire crystal,Black,No numerals,Rose gold,Gold,Fold clasp,Rose Gold,,Show information,,,,,
33370847,Rolex Yacht-Master 37268655 Oysterflex Full Set Unworn,"$24,700",JV93Z2,Rolex,Yacht-Master 37,268655,Automatic,Rose gold,Rubber,2021 (Approximation),"Like new & unwornThe item shows no signs of wear such as scratches or dents, and it has not been worn. The item has not been polished.","Original box, original papers",Men's watch/Unisex,"United States of America, Florida, Miami","$24,700",Item is in stock,Automatic,2236,,55 h,31,Rose gold,37 mm,10 ATM,Ceramic,Sapphire crystal,Black,No numerals,Rubber,Black,Fold clasp,Rose Gold,,,,,,,
41952296,Rolex Submariner Date126610LN,"$13,499",OZ6LK4,Rolex,Submariner Date,126610LN(Submariner Ceramic Bezel Dark),Automatic,Steel,Steel,2020,"Used (Very good)The item shows minor signs of wear, such as small, intangible scratches.","Original box, original papers",Men's watch/Unisex,"United States of America, New York, New York","$13,499",Item is in stock,Automatic,3235,cal. 3135,70 h,31,Steel,41 x 40 mm,30 ATM,Ceramic,Sapphire crystal,Black,No numerals,Steel,Steel,Fold clasp,Steel,Kareem,,,,,,
39187422,Rolex ExplorerExcellent condition with original packaging and documents.,"$10,830",NBX7I5,Rolex,Explorer,124273(Two-tone),Automatic,,Gold/Steel,2022,"Used (Good)The item shows visible and tangible signs of wear like scratches, scuffs, or small dents.","Original box, original papers",Men's watch/Unisex,"United States of America, California","$10,830 [Negotiable]",Item is in stock,Automatic,,,,,,36 mm,,Gold/Steel,Sapphire crystal,,,Gold/Steel,Gold/Steel,,,,,,,,,
39909005,Rolex Oyster Perpetual 36116000 Oyster Perpetual 36 mm Smooth Bezel Silver Dial Oyster Bracelet Complete Set 2015,"$7,200",NRDZH7,Rolex,Oyster Perpetual 36,116000(Arabic Dial),Automatic,Steel,Steel,2015,"Used (Very good)The item shows minor signs of wear, such as small, intangible scratches.","Original box, original papers",Men's watch/Unisex,"United States of America, New York, NEW YORK","$7,200",Item is in stock,Automatic,3130,"3130, Manufacture Rolex",48 h,31,Steel,36 mm,10 ATM,Steel,Sapphire crystal,Silver,Arabic numerals,Steel,Steel,Fold clasp,Steel,w1910,,,"April 15, 2025Serviced in-house",,,
41260244,Rolex GMT-Master II16760,"$12,100",OKCLW2,Rolex,GMT-Master II,16760,Automatic,Steel,Steel,Unknown,"Used (Fair)The item shows major, visible signs of wear like scratches and dents.","No original box, no original papers",Men's watch/Unisex,"United States of America, California, Fullerton","$12,100",Item is in stock,Automatic,3085,Rolex 3185,42 h,27,Steel,40 mm,10 ATM,Steel,Sapphire crystal,Black,No numerals,Steel,Steel,Fold clasp,Steel,590-20924,,,,,,
40884461,Rolex Datejust 3636mm 116234 Silver Dial Fluted Bezel + Box,"$7,295",OCANH6,Rolex,Datejust 36,116234,Automatic,Gold/Steel,Steel,2008 (Approximation),"Used (Very good)The item shows minor signs of wear, such as small, intangible scratches.","Original box, no original papers",Men's watch/Unisex,"United States of America, New York, New York","$7,295",Item is in stock,Automatic,3135,"3135, Manufacture Rolex",48 h,31,Gold/Steel,36 mm,10 ATM,White gold,Sapphire crystal,Silver (solid),Arabic numerals,Steel,Steel,Fold clasp,Steel,,,,,,,
38882496,Rolex Day-Date 36Champagne Index Dial 18K Yellow Gold Fluted Bezel President Bracelet,"$39,995",N5DXC0,Rolex,Day-Date 36,128238(Presidential),Automatic,Yellow gold,Yellow gold,2022,"Used (Very good)The item shows minor signs of wear, such as small, intangible scratches.","Original box, original papers",Men's watch/Unisex,"United States of America, California, Newport Beach","$39,995",Item is in stock,Automatic,3255,cal. 3135,70 h,31,Yellow gold,36 x 43 mm,10 ATM,Yellow gold,Sapphire crystal,Champagne,No numerals,Yellow gold,Gold,Fold clasp,Yellow gold,,Show information,,,,,
40480143,Rolex Submariner Date126613lb,"$17,249",O3MOF4,Rolex,Submariner Date,126613lb,Automatic,Gold/Steel,Gold/Steel,2023,"Used (Very good)The item shows minor signs of wear, such as small, intangible scratches.","Original box, original papers",Men's watch/Unisex,"United States of America, New Jersey, Paramus","$17,249",Item is in stock,Automatic,3235,3235,70 h,31,Gold/Steel,41 mm,30 ATM,Ceramic,Sapphire crystal,Blue,No numerals,Gold/Steel,Gold/Steel,Fold clasp,,,Show information,"Luminous hands, Rotating Bezel, Screw-Down Crown, Luminous indices",,,,
38343656,Rolex Datejust 362025 unworn 36mm date just full set new rolex desgin box,"$13,888",MTU5K2,Rolex,Datejust 36,126234,Automatic,Steel,Steel,2025,"Like new & unwornThe item shows no signs of wear such as scratches or dents, and it has not been worn. The item has not been polished.","Original box, original papers",Men's watch/Unisex,"United States of America, California","$13,888 [Negotiable]",Item is in stock,Automatic,,,,,Steel,36 mm,,White gold,,Black,,Steel,Steel,,,,,,,,,
39704895,"Rolex Day-Date 36Like NEW 2011 Day-Date ""President"" Yellow Gold Black Diamond Dial 118238 FULL SET","$30,995",NN0HR7,Rolex,Day-Date 36,118238,Automatic,Yellow gold,Yellow gold,2011,"Used (Very good)The item shows minor signs of wear, such as small, intangible scratches.","Original box, original papers",Men's watch/Unisex,"United States of America, California, Los Angeles","$30,995",Item is in stock,Automatic,3155,Cal. 3055,48 h,31,Yellow gold,36 mm,10 ATM,Yellow gold,Sapphire crystal,Black,Gemstones,Yellow gold,Gold,,Yellow gold,,Show information,,,,,
41864208,"Rolex GMT-Master II2021 GMT-Master II ""Rootbeer"" 40mm 126715CHNR","$39,927",OXAMO0,Rolex,GMT-Master II,126715CHNR,Automatic,Rose gold,Rose gold,2021,"Used (Very good)The item shows minor signs of wear, such as small, intangible scratches.","Original box, original papers",Men's watch/Unisex,"United States of America, Michigan, Oak Park, MI","$39,927",Item is in stock,Automatic,3285,Rolex 3186,70 h,31,Rose gold,40 mm,10 ATM,Ceramic,Sapphire crystal,Black,No numerals,Rose gold,Gold,Fold clasp,Rose Gold,,Show information,,,,,
36070405,Rolex DaytonaBaby Le Mans White Gold Oysterflex Black Dial 126519LN 2024,"$45,300",LH43P3,Rolex,Daytona,126519LN-0006,Automatic,White gold,Rubber,2024 (Approximation),"Like new & unwornThe item shows no signs of wear such as scratches or dents, and it has not been worn. The item has not been polished.","Original box, original papers",Men's watch/Unisex,"United States of America, Florida, Miami","$45,300 [Negotiable]",Item is in stock,Automatic,4131,4030,72 h,,White gold,40 mm,10 ATM,Ceramic,Sapphire crystal,Black,No numerals,Rubber,Black,Fold clasp,White Gold,,,,,,,
39371781,Rolex Datejust 3618k White Gold and Steel Blue Dial Roulette Date 116234,"$8,500",NFVGL1,Rolex,Datejust 36,116234,Automatic,Steel,Steel,2006,"Used (Very good)The item shows minor signs of wear, such as small, intangible scratches.","Original box, no original papers",Men's watch/Unisex,"United States of America, New York, Patchogue","$8,500 [Negotiable]",Item is in stock,Automatic,3135,"3135, Manufacture Rolex",48 h,31,Steel,36 mm,10 ATM,White gold,Sapphire crystal,Blue,,Steel,Steel,Fold clasp,Steel,1351,,,,,,
41105672,Rolex Lady-Datejust69173 Lady-Datejust 26 mm Champagne Index Dial Jubilee Bracelet Complete Set 1986,"$5,600",OH1C85,Rolex,Lady-Datejust,69173,Automatic,Gold/Steel,Gold/Steel,1986,"Used (Very good)The item shows minor signs of wear, such as small, intangible scratches.","Original box, original papers",Women's watch,"United States of America, New York, NEW YORK","$5,600",Item is in stock,Automatic,2135,Cal. 2135,40 h,29,Gold/Steel,26 mm,10 ATM,Yellow gold,Sapphire crystal,Champagne,No numerals,Gold/Steel,Gold/Steel,Fold clasp,Steel,w3014,,,"June 18, 2025Serviced in-house",,,
40444530,Rolex Explorer II1997 ROLEX 16570 Explorer II Polar Holes Case with Papers,"$8,188",O2V767,Rolex,Explorer II,16570(Explorer II 16570 White),Automatic,Steel,Steel,1997,"Used (Good)The item shows visible and tangible signs of wear like scratches, scuffs, or small dents.","Original papers, no original box",Men's watch/Unisex,"United States of America, California, Los Angeles","$8,188",Item is in stock,Automatic,3185,cal. 3185,50 h,31,Steel,40 mm,10 ATM,Steel,Sapphire crystal,White,No numerals,Steel,Steel,Fold clasp,Steel,,,,,,,
40935573,Rolex Milgauss116400GV Black Dial Green Crystal Box + Papers,"$9,879",ODE399,Rolex,Milgauss,116400GV,Automatic,Steel,Steel,2011,"Used (Very good)The item shows minor signs of wear, such as small, intangible scratches.","Original box, original papers",Men's watch/Unisex,"United States of America, New York, New York","$9,879",Item is in stock,Automatic,3131,Rolex 3131,48 h,31,Steel,40 mm,10 ATM,Steel,Sapphire crystal,Black,No numerals,Steel,Steel,Fold clasp,Steel,,,,,,,
41302153,"Rolex DaytonaCosmograph Daytona ""Panda"" White Dial Oyster Bracelet","$34,595",OL8Y10,Rolex,Daytona,126500ln(Panda),Automatic,Steel,Steel,2024,"Used (Very good)The item shows minor signs of wear, such as small, intangible scratches.","Original box, original papers",Men's watch/Unisex,"United States of America, California, Newport Beach","$34,595",Item is in stock,Automatic,4131,4131,72 h,44,Steel,40 mm,10 ATM,Ceramic,Sapphire crystal,White,No numerals,Steel,Steel,Fold clasp,Steel,,Show information,Small seconds,,,,
38652945,Rolex Datejust 3131mm 3.30ct Diamond Bezel/Bracelet/Gray Floral Dial Watch 178240,"$13,150",N0GSX1,Rolex,Datejust 31,178240(Datejust Diamonds),Automatic,Steel,Steel,Unknown,"Used (Very good)The item shows minor signs of wear, such as small, intangible scratches.","Original box, no original papers",Women's watch,"United States of America, New York, New York","$13,150 [Negotiable]",Item is in stock,Automatic,,,,,Steel,31 mm,,,,Grey,,Steel,Steel,,,ES210098A28,,,,,,
40113727,Rolex Datejust IIBlack Roman Dial Oyster,"$10,899",NVRY72,Rolex,Datejust II,116333,Automatic,Gold/Steel,Gold/Steel,2016,"Used (Good)The item shows visible and tangible signs of wear like scratches, scuffs, or small dents.","Original box, original papers",Men's watch/Unisex,"United States of America, Florida, Miami","$10,899",Item is in stock,Automatic,3136,Rolex 3135,48 h,31,Gold/Steel,41 mm,10 ATM,Yellow gold,Sapphire crystal,Black,Roman numerals,Gold/Steel,Gold/Steel,Fold clasp,Gold/Steel,Kareem,,,,,,
39411984,Rolex Submariner DateLike NEW 2020 Submariner Date 2-Tone Oyster Black Dial 126613LN FULL SET,"$16,250",NGQHC6,Rolex,Submariner Date,126613LN,Automatic,Gold/Steel,Gold/Steel,2020,"Used (Very good)The item shows minor signs of wear, such as small, intangible scratches.","Original box, original papers",Men's watch/Unisex,"United States of America, California, Los Angeles","$16,250",Item is in stock,Automatic,3235,cal. 3135,70 h,31,Gold/Steel,41 mm,30 ATM,Ceramic,Sapphire crystal,Black,No numerals,Gold/Steel,Gold/Steel,Fold clasp,Gold/Steel,,Show information,,,,,
37034342,Rolex Yacht-Master 422023 Yacht-Master 42mm 226659 White Gold Oysterflex Black Dial,"$29,492",M1RVQ9,Rolex,Yacht-Master 42,226659(Yacht-Master rubber strap),Automatic,White gold,Rubber,2023,"Used (Very good)The item shows minor signs of wear, such as small, intangible scratches.","Original box, original papers",Men's watch/Unisex,"United States of America, Michigan, Oak Park, MI","$29,492",Item is in stock,Automatic,3235,3035,70 h,31,White gold,42 mm,10 ATM,Ceramic,Sapphire crystal,Black,No numerals,Rubber,Black,Fold clasp,White Gold,,,,,,,
36396418,Rolex DaytonaUNWORN NEW Daytona Mother of Pearl MOP Diamond 116503,"$28,500",LO3NM5,Rolex,Daytona,116503,Automatic,Gold/Steel,Gold/Steel,2021,"Like new & unwornThe item shows no signs of wear such as scratches or dents, and it has not been worn. The item has not been polished.","Original box, original papers",Men's watch/Unisex,"United States of America, Florida, Miami","$28,500 [Negotiable]",Item is in stock,Automatic,4130,cal. 4130,72 h,44,Gold/Steel,40 mm,10 ATM,Yellow gold,Sapphire crystal,Mother of pearl,No numerals,Gold/Steel,Gold/Steel,Fold clasp,Gold/Steel,,,,,,,
36872763,Rolex Day-Date 36Vintage 1978 Day-Date Matte Black Dial White Gold 36mm (1803) - Rare,"$25,500",LYB7F5,Rolex,Day-Date 36,1803(Day-Date 36mm (up to 2000)),Automatic,White gold,,1978,"Used (Good)The item shows visible and tangible signs of wear like scratches, scuffs, or small dents.","No original box, no original papers",Men's watch/Unisex,"United States of America, Massachusetts, Boston","$25,500 [Negotiable]",Item is in stock,Automatic,1556,1570,48 h,26,White gold,36 mm,10 ATM,Yellow gold,Plexiglass,Black,No numerals,,Gold,Buckle,Yellow gold,V@SHW,,,,,,
35891302,Rolex Sky-Dweller326933 Sky-Dweller 18k Fluted Bezel Black Index Dial Oyster Bracelet Complete Set 2019,"$17,500",LD9WM8,Rolex,Sky-Dweller,326933(Two-tone),Automatic,Gold/Steel,Gold/Steel,2019,"Used (Very good)The item shows minor signs of wear, such as small, intangible scratches.","Original box, original papers",Men's watch/Unisex,"United States of America, New York, NEW YORK","$17,500",Item is in stock,Automatic,9001,3135,72 h,40,Gold/Steel,42 mm,10 ATM,Yellow gold,Sapphire crystal,Black,No numerals,Gold/Steel,Gold/Steel,Fold clasp,Gold/Steel,w1535,,,"August 15, 2024Serviced in-house",,,
34954221,Rolex GMT-Master II2025 Bruce Wayne Jubilee NEW/UNWORN,"$20,995",KT6UL8,Rolex,GMT-Master II,126710GRNR,Automatic,Steel,Steel,2025,NewThe item is new and shows no signs of wear. The guarantee period begins with the purchase of the watch.,"Original box, original papers",Men's watch/Unisex,"United States of America, California, Century city","$20,995 [Negotiable]",Item is in stock,Automatic,3285,Rolex 3186,70 h,31,Steel,40 mm,10 ATM,Ceramic,Sapphire crystal,Black,No numerals,Steel,Steel,Fold clasp,Steel,,,,,,,
41302510,Rolex Air KingOyster Perpetual Air-King 114200 34mm Pink Dial + Box,"$5,495",OL97Y8,Rolex,Air King,114200(Arabic Dial),Automatic,Steel,Steel,2010 (Approximation),"Used (Very good)The item shows minor signs of wear, such as small, intangible scratches.","Original box, no original papers",Men's watch/Unisex,"United States of America, New York, New York","$5,495",Item is in stock,Automatic,3130,Rolex 3130,48 h,31,Steel,34 mm,10 ATM,Steel,Sapphire crystal,Pink,Arabic numerals,Steel,Steel,Fold clasp,Steel,,,,,,,
41229441,Rolex GMT-Master IIBatgirl Jubilee Box/Papers/Card 126710BLNR,"$17,500",OJOU95,Rolex,GMT-Master II,126710BLNR,Automatic,Steel,Steel,2021,"Used (Very good)The item shows minor signs of wear, such as small, intangible scratches.","Original box, original papers",Men's watch/Unisex,"United States of America, DC, Washington, DC","$17,500 [Negotiable]",Item is in stock,Automatic,3285,Rolex 3186,70 h,31,Steel,40 mm,10 ATM,Ceramic,Sapphire crystal,Black,No numerals,Steel,Steel,Fold clasp,Steel,,,,,28800 A/h,,
